X,Y,osm_id,building,power,amenity,brand,name,layer,shop,tourism,tower:type,access,addr:housenumber,leisure,office,substation,cuisine,brand:wikipedia,brand:wikidata,takeaway,smoking,wheelchair,old_name,building:colour,addr:city,building:levels,roof:colour,roof:shape,roof:orientation,addr:street,addr:postcode,roof:material,height,unisex,townhall:type,status,internet_access,emergency,roof:height,building:height,surveillance,surveillance_1,craft,alt_name
-8.71412151232024,41.2805449500559,743737070,yes,,,,,,,,,,,,,,,,,,,,,,,,,,,,,,,,,,,,,,,,,
-8.7129768136284,41.2802584502071,743737069,yes,,,,,,,,,,,,,,,,,,,,,,,,,,,,,,,,,,,,,,,,,
-8.71275626148858,41.2803456502516,743737068,yes,,,,,,,,,,,,,,,,,,,,,,,,,,,,,,,,,,,,,,,,,
-8.70710242839392,41.2778067819139,690908190,transformer_tower,substation,,,,,,,,,,,,minor_distribution,,,,,,,,,,,,,,,,,,,,,,,,,,,,
-8.70337781005557,41.2777673157619,686427885,yes,,,,,,,,,,,,,,,,,,,,,,,,,,,,,,,,,,,,,,,,,
-8.71113869619019,41.2842744999418,743737067,greenhouse,,,,,,,,,,,,,,,,,,,,,,,,,,,,,,,,,,,,,,,,,
-8.71754957401463,41.2941523494373,745188318,greenhouse,,,,,,,,,,,,,,,,,,,,,,,,,,,,,,,,,,,,,,,,,
-8.71754056597462,41.2954213994918,745188325,yes,,,,,,,,,,,,,,,,,,,,,,,,,,,,,,,,,,,,,,,,,
-8.71752683054826,41.2954985006188,745188324,yes,,,,,,,,,,,,,,,,,,,,,,,,,,,,,,,,,,,,,,,,,
-8.71597959908807,41.295620296012,745188329,yes,,,,,,,,,,,,,,,,,,,,,,,,,,,,,,,,,,,,,,,,,
-8.70537435,41.2887093,288722011,yes,,,,,,,,,,,,,,,,,,,,,,,,,,,,,,,,,,,,,,,,,
-8.70499218719732,41.2881576499095,288722013,yes,,,,,,,,,,,,,,,,,,,,,,,,,,,,,,,,,,,,,,,,,
-8.70446042984672,41.2885061997236,288722010,yes,,fast_food,Burger King,Burger King,,,,,,,,,,burger,en:Burger King,Q177054,yes,,,,,,,,,,,,,,,,,,,,,,,,
-8.70516605,41.2887198,288722012,yes,,car_wash,,,,,,,,,,,,,,,,,,,,,,,,,,,,,,,,,,,,,,,
-8.70468879722784,41.2891001522524,288722008,roof,,,,,1,,,,,,,,,,,,,,,,,,,,,,,,,,,,,,,,,,,,
-8.70458930379167,41.2888974427863,288722009,retail,,,,,,convenience,,,,,,,,,,,,,,,,,,,,,,,,,,,,,,,,,,,
-8.70279945499037,41.2886385648814,288722018,roof,,,,,,,,,,,,,,,,,,,,,,,,,,,,,,,,,,,,,,,,,
-8.70290854617222,41.2888389453072,288722016,retail,,,,,,convenience,,,,,,,,,,,,,,,,,,,,,,,,,,,,,,,,,,,
-8.70307805,41.28928545,288722017,yes,,fast_food,Pans & Company,Pans & Company,,,,,,,,,,,,,,,,,,,,,,,,,,,,,,,,,,,,,
-8.7023444178541,41.2890433502583,288722019,yes,,car_wash,,,,,,,,,,,,,,,,,,,,,,,,,,,,,,,,,,,,,,,
-8.7086798813543,41.3001622237088,135458137,commercial,,,,,,,,,,,,,,,,,,,,,,,,,,,,,,,,,,,,,,,,,
-8.70873957944879,41.3009480894079,409048588,yes,,,,,,,,,,,,,,,,,,,,,,,,,,,,,,,,,,,,,,,,,
-8.70850443844544,41.3008504003284,409048589,yes,,,,,,,,,,,,,,,,,,,,,,,,,,,,,,,,,,,,,,,,,
-8.70857784880322,41.3009373432099,409048590,yes,,,,,,,,,,,,,,,,,,,,,,,,,,,,,,,,,,,,,,,,,
-8.70632194603445,41.3012090328912,135458146,commercial,,,,Vila do Conde The Style Outlets,,,,,,,,,,,,,,separated,yes,,,,,,,,,,,,,,,,,,,,,,
-8.70156071610713,41.3065194987509,318482563,industrial,,,,,,,,,,,,,,,,,,,,,,,,,,,,,,,,,,,,,,,,,
-8.70301472408536,41.3078226164172,333029328,industrial,,,,Probos plásticos,,,,,,,,,,,,,,,,,,,,,,,,,,,,,,,,,,,,,
-8.70271219176944,41.3080652850051,318483106,industrial,,,,,,,,,,,,,,,,,,,,,,,,,,,,,,,,,,,,,,,,,
-8.70137061829436,41.307611704489,318482550,industrial,,,,,,,,,,,,,,,,,,,,,,,,,,,,,,,,,,,,,,,,,
-8.69165764927776,41.2834646504753,386578551,yes,,,,,,,,,,,,,,,,,,,,,,,,,,,,,,,,,,,,,,,,,
-8.68022171054066,41.2795674636121,767994367,house,,,,,,,,,,,,,,,,,,,,,,,,,,,,,,,,,,,,,,,,,
-8.68027474595413,41.2798609117906,767994366,house,,,,,,,,,,,,,,,,,,,,,,,,,,,,,,,,,,,,,,,,,
-8.6818923958769,41.2847511911686,258994683,yes,,,,Museu dos Telefones,,,museum,,,,,,,,,,,,,,,,,,,,,,,,,,,,,,,,,,
-8.67659673375514,41.2774720015006,407216957,house,,,,,,,,,,,,,,,,,,,,,,,,,,,,,,,,,,,,,,,,,
-8.67632712140539,41.2777006659643,407216958,house,,,,,,,,,,,,,,,,,,,,,,,,,,,,,,,,,,,,,,,,,
-8.67585130685607,41.2779438773702,332274287,house,,,,,,,,,,,,,,,,,,,,,,,,,,,,,,,,,,,,,,,,,
-8.67593757205963,41.2780708648086,332274340,house,,,,,,,,,,,,,,,,,,,,,,,,,,,,,,,,,,,,,,,,,
-8.6757488622804,41.2777623983534,332274320,house,,,,,,,,,,,,,,,,,,,,,,,,,,,,,,,,,,,,,,,,,
-8.67446344976948,41.2774548346075,407216945,house,,,,,,,,,,,,,,,,,,,,,,,,,,,,,,,,,,,,,,,,,
-8.67442274924109,41.2776083793403,405893842,house,,,,,,,,,,,,,,,,,,,,,,,,,,,,,,,,,,,,,,,,,
-8.67418877284038,41.2776644603719,407216946,house,,,,,,,,,,,,,,,,,,,,,,,,,,,,,,,,,,,,,,,,,
-8.67501507063667,41.277791355148,332274223,greenhouse,,,,,,,,,,,,,,,,,,,,,,,,,,,,,,,,,,,,,,,,,
-8.6744047928942,41.277696883748,405893841,house,,,,,,,,,,,,,,,,,,,,,,,,,,,,,,,,,,,,,,,,,
-8.67507341315465,41.2780814772951,332274254,greenhouse,,,,,,,,,,,,,,,,,,,,,,,,,,,,,,,,,,,,,,,,,
-8.67445554451122,41.2781079577173,405893839,house,,,,,,,,,,,,,,,,,,,,,,,,,,,,,,,,,,,,,,,,,
-8.67437659154389,41.2778206605369,405893840,house,,,,,,,,,,,,,,,,,,,,,,,,,,,,,,,,,,,,,,,,,
-8.6743156742027,41.2781452865372,405893838,house,,,,,,,,,,,,,,,,,,,,,,,,,,,,,,,,,,,,,,,,,
-8.67397399171083,41.2781977192816,332275708,house,,,,,,,,,,,,,,,,,,,,,,,,,,,,,,,,,,,,,,,,,
-8.67851317602097,41.2793564907434,767994372,commercial,,,,,,,,,,,,,,,,,,,,,,,,,,,,,,,,,,,,,,,,,
-8.67857373114692,41.2795650408026,767994371,commercial,,,,,,,,,,,,,,,,,,,,,,,,,,,,,,,,,,,,,,,,,
-8.67845163114692,41.2791449408026,767994373,commercial,,,,,,,,,,,,,,,,,,,,,,,,,,,,,,,,,,,,,,,,,
-8.67651446894602,41.2785117771458,406778595,house,,,,,,,,,,,,,,,,,,,,,,,,,,,,,,,,,,,,,,,,,
-8.67662051669443,41.2788644445271,406778594,house,,,,,,,,,,,,,,,,,,,,,,,,,,,,,,,,,,,,,,,,,
-8.67863428119243,41.2797773907985,767994370,commercial,,,,,,,,,,,,,,,,,,,,,,,,,,,,,,,,,,,,,,,,,
-8.67869583114691,41.2799889408026,767994369,commercial,,,,,,,,,,,,,,,,,,,,,,,,,,,,,,,,,,,,,,,,,
-8.67874893114692,41.2802003408026,767994368,commercial,,,,,,,,,,,,,,,,,,,,,,,,,,,,,,,,,,,,,,,,,
-8.67565854071779,41.2789363213844,438539417,house,,,,,,,,,,,,,,,,,,,,,,,,,,,,,,,,,,,,,,,,,
-8.67439800554411,41.2785598069462,332274221,house,,,,,,,,,,,,,,,,,,,,,,,,,,,,,,,,,,,,,,,,,
-8.67381687606562,41.2789767811578,332274220,house,,,,,,,,,,,,,,,,,,,,,,,,,,,,,,,,,,,,,,,,,
-8.67478811323471,41.2791505351275,332275734,house,,,,,,,,,,,,,,,,,,,,,,,,,,,,,,,,,,,,,,,,,
-8.67477490079384,41.2793167129994,332275733,house,,,,,,,,,,,,,,,,,,,,,,,,,,,,,,,,,,,,,,,,,
-8.6753175739721,41.2804672803556,407213452,industrial,,,,,,,,,,,,,,,,,,,,,,,,,,,,,,,,,,,,,,,,,
-8.67544468973045,41.2808356704902,407213450,industrial,,,,,,,,,,,,,,,,,,,,,,,,,,,,,,,,,,,,,,,,,
-8.67449230169815,41.2807343404822,407213451,industrial,,,,,,,,,,,,,,,,,,,,,,,,,,,,,,,,,,,,,,,,,
-8.67356230308497,41.2783047730618,332275694,house,,,,,,,,,,,,,,,,,,,,,,,,,,,,,,,,,,,,,,,,,
-8.67341607971423,41.278324763687,332275706,house,,,,,,,,,,,,,,,,,,,,,,,,,,,,,,,,,,,,,,,,,
-8.67169915516637,41.2775361200814,408826351,house,,,,,,,,,,,,,,,,,,,,,,,,,,,,,,,,,,,,,,,,,
-8.67172691555844,41.2777012635347,407491241,house,,,,,,,,,,,,,,,,,,,,,,,,,,,,,,,,,,,,,,,,,
-8.67130749792584,41.2778809618373,407491242,house,,,,,,,,,,,,,,,,,,,,,,,,,,,,,,,,,,,,,,,,,
-8.671003201447,41.2778587055526,407209950,house,,,,,,,,,,,,,,,,,,,,,,,,,,,,,,,,,,,,,,,,,
-8.6711677632144,41.2781402289125,331241804,house,,,,,,,,,,,,,,,,,,,,Farmácia Azevedo,,,,,,,,,,,,,,,,,,,,,
-8.67086403604191,41.277676367947,407209952,house,,,,,,,,,,,,,,,,,,,,,,,,,,,,,,,,,,,,,,,,,
-8.6705723673841,41.2776121713986,407491249,house,,,,,,,,,,,,,,,,,,,,,,,,,,,,,,,,,,,,,,,,,
-8.67010176393314,41.2775305098668,407491254,house,,,,,,,,,,,,,,,,,,,,,,,,,,,,,,,,,,,,,,,,,
-8.67025198566893,41.2776832380327,407491253,house,,,,,,,,,,,,,,,,,,,,,,,,,,,,,,,,,,,,,,,,,
-8.67076616710514,41.2777663355034,407209953,house,,,,,,,,,,,,,,,,,,,,,,,,,,,,,,,,,,,,,,,,,
-8.67090886735292,41.2778714696695,407209981,house,,,,,,,,,,,,,,,,,,,,,,,,,,,,,,,,,,,,,,,,,
-8.67095084662693,41.2779774502168,407209982,house,,,,,,,,,,,,,,,,,,,,,,,,,,,,,,,,,,,,,,,,,
-8.67069079216072,41.2779008147645,407209951,house,,,,,,,,,,,,,,,,,,,,,,,,,,,,,,,,,,,,,,,,,
-8.67068653891638,41.2779890640429,407209977,house,,,,,,,,,,,,,,,,,,,,,,,,,,,,,,,,,,,,,,,,,
-8.67059358306523,41.2777114684983,407491248,house,,,,,,,,,,,,,,,,,,,,,,,,,,,,,,,,,,,,,,,,,
-8.67052994400492,41.2777817747823,407209955,house,,,,,,,,,,,,,,,,,,,,,,,,,,,,,,,,,,,,,,,,,
-8.67049791657618,41.2776732568828,407209954,house,,,,,,,,,,,,,,,,,,,,,,,,,,,,,,,,,,,,,,,,,
-8.67041009597584,41.2778172649214,407491252,house,,,,,,,,,,,,,,,,,,,,,,,,,,,,,,,,,,,,,,,,,
-8.67052670713921,41.2779611146327,407491250,house,,,,,,,,,,,,,,,,,,,,,,,,,,,,,,,,,,,,,,,,,
-8.67087386410887,41.2782757169636,407209976,house,,,,,,,,,,,,,,,,,,,,,,,,,,,,,,,,,,,,,,,,,
-8.67066651335029,41.2782375616127,407209987,house,,,,,,,,,,,,,,,,,,,,,,,,,,,,,,,,,,,,,,,,,
-8.67070296151601,41.2783665008143,407209989,house,,,,,,,,,,,,,,,,,,,,,,,,,,,,,,,,,,,,,,,,,
-8.6706806192631,41.2783077718993,407209988,house,,,,,,,,,,,,,,,,,,,,,,,,,,,,,,,,,,,,,,,,,
-8.67010938943722,41.2778459206696,407491251,house,,,,,,,,,,,,,,,,,,,,,,,,,,,,,,,,,,,,,,,,,
-8.6730736330535,41.2784482421467,405891911,roof,,,,,,,,,,,,,,,,,,,,,,,,,,,,,,,,,,,,,,,,,
-8.67314879374897,41.27853847699,405891902,house,,,,,,,,,,,,,,,,,,,,,,,,,,,,,,,,,,,,,,,,,
-8.67302785378749,41.2785758151557,405891904,house,,,,,,,,,,,,,,,,,,,,,,,,,,,,,,,,,,,,,,,,,
-8.67316221549281,41.2786808428932,332101537,house,,,,,,,,,,,,,,,,,,,,,,,,,,,,,,,,,,,,,,,,,
-8.67332377038635,41.2787744159016,332101547,house,,,,,,,,,,,,,,,,,,,,,,,,,,,,,,,,,,,,,,,,,
-8.67334837977524,41.2788943072643,332101571,house,,,,,,,,,,,,,,,,,,,,,,,,,,,,,,,,,,,,,,,,,
-8.67330150526024,41.2790595750574,332275469,house,,,,,,,,,,,,,,,,,,,,,,,,,,,,,,,,,,,,,,,,,
-8.67291214649554,41.2785867686964,405891906,house,,,,,,,,,,,,,,,,,,,,,,,,,,,,,,,,,,,,,,,,,
-8.67271361919766,41.2785806935261,331240577,house,,,,,,,,,,,,,,,,,,,,,,,,,,,,,,,,,,,,,,,,,
-8.67249336519282,41.2786279952403,331240568,house,,,,,,,,,,,,,,,,,,,,,,,,,,,,,,,,,,,,,,,,,
-8.67277634898999,41.2789044576064,405891918,house,,,,,,,,,,,,,,,,,,,,,,,,,,,,,,,,,,,,,,,,,
-8.67246727544894,41.2789756004699,331241210,house,,,,,,,,,,,,,,,,,,,,,,,,,,,,,,,,,,,,,,,,,
-8.67336262188315,41.2792343716064,332275470,house,,,,,,,,,,,,,,,,,,,,,,,,,,,,,,,,,,,,,,,,,
-8.67306446195567,41.2793830464736,405891917,house,,,,,,,,,,,,,,,,,,,,,,,,,,,,,,,,,,,,,,,,,
-8.67295672758669,41.2791845748643,405891916,house,,,,,,,,,,,,,,,,,,,,,,,,,,,,,,,,,,,,,,,,,
-8.67251470507516,41.2790729295645,331241284,house,,,,,,,,,,,,,,,,,,,,,,,,,,,,,,,,,,,,,,,,,
-8.67257351706848,41.2791650955837,331241649,house,,,,,,,,,,,,,,,,,,,,,,,,,,,,,,,,,,,,,,,,,
-8.67264078746199,41.2793499915229,331241631,house,,,,,,,,,,,,,,,,,,,,,,,,,,,,,,,,,,,,,,,,,
-8.67280232582664,41.2795742687727,332275409,house,,,,,,,,,,,,,,,,,,,,,,,,,,,,,,,,,,,,,,,,,
-8.67256445,41.27974665,386578536,yes,,,,,,,,,,,,,,,,,,,,,,,,,,,,,,,,,,,,,,,,,
-8.67226189372423,41.2786675777233,331240556,house,,,,,,,,,,,,,,,,,,,,,,,,,,,,,,,,,,,,,,,,,
-8.67208219834436,41.2787246159498,331240361,house,,,,,,,,,,,,,,,,,,,,,,,,,,,,,,,,,,,,,,,,,
-8.67190138034253,41.2785966281142,331241795,house,,,,,,,,,,,,,,,,,,,,,,,,,,,,,,,,,,,,,,,,,
-8.67216140026666,41.2790104628815,331240809,house,,,,,,,,,,,,,,,,,,,,,white,Mosteiró,2,orange,gabled,across,Rua da Costinha,,,,,,,,,,,,,,
-8.67204983065717,41.2790128523927,331240879,yes,,,,sede da JUM,,,,,,,,,,,,,,,,,white,Mosteiró,1,orange,lean_to,,Largo da Lameira,,,,,,,,,,,,,,
-8.67203309060084,41.2793681911171,331240733,greenhouse,,,,,,,,,,,,,,,,,,,,,,,,,,,,,,,,,,,,,,,,,
-8.67161319375419,41.2791314000021,331240828,yes,,,,,,,,,,,,,,,,,,,,,grey,Vilar e Mosteiró,1,orange,hipped,,Largo da Lameira,4485-944,,,,,,,,,,,,,
-8.67111722442098,41.2790705001856,386578555,yes,,,,Casa da Lameira,,,,,,,,,,,,,,,,,grey,,1,orange,hipped,along,,,,,,,,,,,,,,,
-8.67133915485262,41.2795278002675,386578543,yes,,,,,,,,,,,,,,,,,,,,,,,,,,,,,,,,,,,,,,,,,
-8.67358346415199,41.280842053271,407213459,industrial,,,,,,,,,,,,,,,,,,,,,,,,,,,,,,,,,,,,,,,,,
-8.67295222120461,41.2808488316402,332276015,house,,,,,,,,,,,,,,,,,,,,,,,,,,,,,,,,,,,,,,,,,
-8.6718226,41.27984835,386578540,yes,,,,,,,,,,,,,,,,,,,,,,,,,,,,,,,,,,,,,,,,,
-8.6719601,41.2800659,386578541,yes,,,,,,,,,,,,,,,,,,,,,,,,,,,,,,,,,,,,,,,,,
-8.67218215094037,41.2802886500149,386578550,yes,,,,,,,,,,,,,,,,,,,,,,,,,,,,,,,,,,,,,,,,,
-8.67189444908372,41.2804354662461,386578535,yes,,,,,,,,,,,,,,,,,,,,,,,,,,,,,,,,,,,,,,,,,
-8.67130817035227,41.2807762661191,332275814,stable,,,,,,,,,,,,,,,,,,,,,,,,,,,,,,,,,,,,,,,,,
-8.67161506198498,41.2810986501311,332275827,house,,,,,,,,,,,,,,,,,,,,,,,,,,,,,,,,,,,,,,,,,
-8.67071482503559,41.2784169663973,407209986,house,,,,,,,,,,,,,,,,,,,,,,,,,,,,,,,,,,,,,,,,,
-8.67074087678348,41.2785502528759,407209985,house,,,,,,,,,,,,,,,,,,,,,,,,,,,,,,,,,,,,,,,,,
-8.67083344073607,41.2786345910314,407209984,house,,,,,,,,,,,,,,,,,,,,,,,,,,,,,,,,,,,,,,,,,
-8.67030854575574,41.2784154131749,407209990,house,,,,,,,,,,,,,,,,,,,,,,,,,,,,,,,,,,,,,,,,,
-8.67083448883159,41.2787776733212,407209983,house,,,,,,,,,,,,,,,,,,,,,,,,,,,,,,,,,,,,,,,,,
-8.67061251172955,41.2789271501591,386578544,yes,,,,,,,,,,,,,,,,,,,,,,,,,hipped,along,,,roof_tiles,,,,,,,,,,,,
-8.67050704463421,41.2794417248023,332105372,house,,,,,,,,,,,,,,,,,,,,,,,,,,,,,,,,,,,,,,,,,
-8.67060585330022,41.2798290188263,331967669,house,,,,,,,,,,,,,,,,,,,,,,,,,,,,,,,,,,,,,,,,,
-8.67031808245356,41.2798854,331967550,yes,,,,,,,,,,,,,,,,,,,,,,,,,,,,,,,,,,,,,,,,,
-8.6701338424825,41.2804067491716,407209946,yes,,,,,,,,,,,,,,,,,,,,,,,,,,,,,,,,,,,,,,,,,
-8.66970874982885,41.2801936999784,372465599,yes,,,,,,,,church,,,,,,,,,,,,,white,,,orange,pyramidal,,,,,25 m,,,,,,,,,,,
-8.66939195606067,41.2799250595573,386578553,yes,,,,,,,,,,,,,,,,,,,,,,,,,,,,,,,,,,,,,,,,,
-8.66956078348288,41.2800315444129,386578562,yes,,,,,,,,,,,,,,,,,,,,,white,,,orange,hipped,,,,,,,,,,,,,,,,
-8.66929111313243,41.2802126844211,386578554,yes,,,,,,,,,,,,,,,,,,,,,,,,,,,,,,,,,,,,,,,,,
-8.66928600085258,41.2802575257391,372465925,yes,,toilets,,,,,,,public,,,,,,,,,,,,,,,,,,,,,3 m,yes,,,,,,,,,,
-8.66915280197677,41.2802671002016,405898919,chapel,,,,,,,,,,,,,,,,,,,,,,,,,,,,,,4 m,,,,,,,,,,,
-8.66856414627147,41.2802050722225,331242107,apartments,,,,,,,,,,,,,,,,,,,,,white,,2,red,,,,,,,,,,,,,,,,,
-8.66882069297248,41.2806392167934,331242272,house,,,,,,,,,,,,,,,,,,,,,,,,,,,,,,,,,,,,,,,,,
-8.66859771234338,41.2806888367219,407216046,house,,,,,,,,,,,,,,,,,,,,,,,,,,,,,,,,,,,,,,,,,
-8.66850362154354,41.2807471467092,407216045,house,,,,,,,,,,,,,,,,,,,,,,,,,,,,,,,,,,,,,,,,,
-8.66841190931328,41.2806746626209,407216047,house,,,,,,,,,,,,,,,,,,,,,,,,,,,,,,,,,,,,,,,,,
-8.67880623473483,41.2831561507767,769735983,greenhouse,,,,Horto Vilacondense,,,,,,,,,,,,,,,,,,,,,,,,,,,,,,,,,,,,,
-8.67530660936755,41.2812121184001,407213454,industrial,,,,,,,,,,,,,,,,,,,,,,,,,,,,,,,,,,,,,,,,,
-8.67475702444046,41.2818064777315,407213445,house,,,,,,,,,,,,,,,,,,,,,,,,,,,Travessa da Arribela,,,,,,,,,,,,,,
-8.67402707702065,41.281272949269,407213457,industrial,,,,,,,,,,,,,,,,,,,,,,,,,,,,,,,,,,,,,,,,,
-8.67423319512249,41.2816093815791,407213455,industrial,,,,,,,,,,,,,,,,,,,,,,,,,,,,,,,,,,,,,,,,,
-8.67475729879642,41.2819961946225,407213440,house,,,,,,,,,,,,,,,,,,,,,,,,,,,,,,,,,,,,,,,,,
-8.6746427838565,41.2820000544538,407213441,house,,,,,,,,,,,,,,,,,,,,,,,,,,,,,,,,,,,,,,,,,
-8.67445033275783,41.2819931226432,407213443,house,,,,,,,,,,,,,,,,,,,,,,,,,,,,,,,,,,,,,,,,,
-8.67433970163917,41.2819980703422,407213444,house,,,,,,,,,,,,,,,,,,,,,,,,,,,,,,,,,,,,,,,,,
-8.67379722812082,41.282117418008,407213446,house,,,,,,,,,,,,,,,,,,,,,,,,,,,,,,,,,,,,,,,,,
-8.67414839094935,41.2821827622325,407213447,house,,,,,,,,,,,,,,,,,,,,,,,,,,,,,,,,,,,,,,,,,
-8.67382307020426,41.283004496405,404220033,house,,,,,,,,,,,,,,,,,,,,,,,,,,,,,,,,,,,,,,,,,
-8.67391854753697,41.2830943319005,404220032,house,,,,,,,,,,,,,,,,,,,,,,,,,,,,,,,,,,,,,,,,,
-8.6740816966127,41.283273818437,404220031,house,,,,,,,,,,,,,,,,,,,,,,,,,,,,,,,,,,,,,,,,,
-8.67422647480444,41.2834838706653,404220029,house,,,,,,,,,,,,,,,,,,,,,,,,,,,,,,,,,,,,,,,,,
-8.67417864499275,41.2833921275718,404220030,house,,,,,,,,,,,,,,,,,,,,,,,,,,,,,,,,,,,,,,,,,
-8.6742876848815,41.2835513871677,404220027,house,,,,,,,,,,,,,,,,,,,,,,,,,,,,,,,,,,,,,,,,,
-8.67433578051916,41.2836365838991,404220028,house,,,,,,,,,,,,,,,,,,,,,,,,,,,,,,,,,,,,,,,,,
-8.67437260877364,41.2837398085272,404220026,house,,,,,,,,,,,,,,,,,,,,,,,,,,,,,,,,,,,,,,,,,
-8.67425409201879,41.2838808898419,404220025,house,,,,,,,,,,,,,,,,,,,,,,,,,,,,,,,,,,,,,,,,,
-8.67320448437846,41.2816266574811,407213458,industrial,,,,,,,,,,,,,,,,,,,,,,,,,,,,,,,,,,,,,,,,,
-8.67345983625823,41.28201625,407213438,house,,,,,,,,,,,,,,,,,,,,,,,,,,,,,,,,,,,,,,,,,
-8.67303516855069,41.2820343803395,407213436,house,,,,,,,,,,,,,,,,,,,,,,,,,,,,,,,,,,,,,,,,,
-8.67320056461216,41.2824010192451,404220039,apartments,,,,,,,,,,,,,,,,,,,,,,,,,,,,,,,,,,,,,,,,,
-8.67287700001523,41.2820314220496,407213437,house,,,,,,,,,,,,,,,,,,,,,,,,,,,,,,,,,,,,,,,,,
-8.67284240458539,41.2823386298488,404220038,apartments,,,,,,,,,,,,,,,,,,,,,,,,,,,,,,,,,,,,,,,,,
-8.67257261059243,41.2823189469005,407213448,house,,,,,,,,,,,,,,,,,,,,,,,,,,,,,,,,,,,,,,,,,
-8.67243278693489,41.2821583705439,407213449,house,,,,,,,,,,,,,,,,,,,,,,,,,,,,,,,,,,,,,,,,,
-8.6714195,41.2812217,332558871,house,,,,,,,,,,,,,,,,,,,,,,Vilar e Mosteiró,2,,,,Rua da Agra,4485-918,,,,,,,,,,,,,
-8.67359547976429,41.2827356277818,404220034,house,,,,,,,,,,,,,,,,,,,,,,,,,,,,,,,,,,,,,,,,,
-8.67335801280398,41.2827465385328,404220035,apartments,,,,,,,,,,,,,,,,,,,,,,,,,,,,,,,,,,,,,,,,,
-8.66800316597916,41.2803468143019,372468138,house,,,,,,,,,,,,,,,,,,,,,,,2,,,,,,,,,,,,,,,,,,
-8.66783640760935,41.2801863990372,330892659,yes,,townhall,,Junta de Freguesia de Mosteiró,,,,,,,,,,,,,,,,,,Mosteiró,,,,,Rua Central,,,,,village,,,,,,,,,
-8.66760201418018,41.2801655488542,407491201,yes,,,,Casa Mortuária de Mosteiró,,funeral_directors,,,,,,,,,,,,,,,,Mosteiró,,,,,Rua Central,,,,,,,,,,,,,,
-8.66799342076076,41.2805248676658,407493284,house,,,,,,,,,,,,,,,,,,,,,,,,,,,,,,,,,,,,,,,,,
-8.66772832527432,41.2804694622812,407491205,house,,,,,,,,,,,,,,,,,,,,,,,,,,,,,,,,,,,,,,,,,
-8.66755204662089,41.2804695517974,407491207,house,,,,,,,,,,,,,,,,,,,,,,,,,,,,,,,,,,,,,,,,,
-8.66337299033745,41.2794014617145,397618268,greenhouse,,,,,,,,,,,,,,,,,,,,,,,,,,,,,,,,,,,,,,,,,
-8.66493625404322,41.2802837189638,407077850,yes,,,,,,,,,,,,,,,,,,,,,,,1,,,,,,,,,,,,,,,,,,
-8.6644466,41.27983015,397546802,house,,,,,,,,,,,,,,,,,,,,,,,,,,,,,,,,,,,,,,,,,
-8.66466537358438,41.2800735481856,397546799,house,,,,,,,,,,,,,,,,,,,,,,,,,,,,,,,,,,,,,,,,,
-8.66444387460709,41.2799622004128,397546801,house,,,,,,,,,,,,,,,,,,,,,,,,,,,,,,,,,,,,,,,,,
-8.66460360776986,41.2804015919688,331485636,roof,,,,,,,,,,,,,,,,,,,,,,,,,,,,,,,,,,,,,,,,,
-8.66438625,41.2801458,397546800,house,,,,,,,,,,,,,,,,,,,,,,,,,,,,,,,,,,,,,,,,,
-8.6641974,41.28016065,397546803,house,,,,,,,,,,,,,,,,,,,,,,,,,,,,,,,,,,,,,,,,,
-8.66417793444364,41.2803933197207,332105296,school,,,,escola antiga,,,,,,,,,,,,,,,,,,,,,,,,,,,,,,,,,,,,,
-8.66463298501518,41.2805919045916,331485624,school,,,,EB1-JI de Mosteiró,,,,,,1040,,,,,,,,,,,white,Mosteiró,2,light brown,,,Rua Central,,,,,,,,,,,,,,
-8.66397563731959,41.2801666496014,397618253,house,,,,,,,,,,,,,,,,,,,,,,,,,,,,,,,,,,,,,,,,,
-8.66382686177045,41.2801220592443,397618254,house,,,,,,,,,,,,,,,,,,,,,,,,,,,,,,,,,,,,,,,,,
-8.6636388,41.2801852,397618255,house,,,,,,,,,,,,,,,,,,,,,,,,,,,,,,,,,,,,,,,,,
-8.66339655184878,41.2802028000534,397618256,house,,,,,,,,,,,,,,,,,,,,,,,,,,,,,,,,,,,,,,,,,
-8.66327675847429,41.280204249664,397618257,house,,,,,,,,,,,,,,,,,,,,,,,,,,,,,,,,,,,,,,,,,
-8.66308056264103,41.2802082000389,397618258,house,,,,,,,,,,,,,,,,,,,,,,,,,,,,,,,,,,,,,,,,,
-8.6629090072913,41.280218048263,397618259,house,,,,,,,,,,,,,,,,,,,,,,,,,,,,,,,,,,,,,,,,,
-8.66278329070956,41.2802382374684,397618260,house,,,,,,,,,,,,,,,,,,,,,,,,,,,,,,,,,,,,,,,,,
-8.66174460525962,41.2779140821479,438533359,house,,,,,,,,,,315,,,,,,,,,,,,Mosteiró,2,,,,Rua de Vila Verde,4485-912,,,,,,,,,,,,,
-8.65860426987451,41.2782622552991,332105064,house,,,,,,,,,,76,,,,,,,,,,,,Mosteiró,1,,,,Rua de Aldeia Nova,4485-910,,,,,,,,,,,,,
-8.65802617254407,41.2781886097745,332105062,house,,,,,,,,,,,,,,,,,,,,,,,,,,,,,,,,,,,,,,,,,
-8.65801946116981,41.2783213242218,397546818,house,,,,,,,,,,,,,,,,,,,,,,,,,,,,,,,,,,,,,,,,,
-8.66065297492007,41.2785673618834,332105453,house,,,,,,,,,,191,,,,,,,,,,,,Mosteiró,2,,,,Rua de Vila Verde,4485-912,,,,,,,,,,,,,
-8.66033801996787,41.2787211651554,332105423,house,,,,,,,,,,191,,,,,,,,,,,,Mosteiró,1,,,,Rua de Vila Verde,4485-912,,,,,,,,,,,,,
-8.66058692996528,41.278832414416,332105460,house,,,,,,,,,,,,,,,,,,,,,,Mosteiró,,,,,Rua de Vila Verde,4485-912,,,,,abandoned,,,,,,,,
-8.66059098625632,41.2791038727685,406778600,house,,,,,,,,,,,,,,,,,,,,,,,,,,,,,,,,,,,,,,,,,
-8.66049193284853,41.2791876609058,406778601,warehouse,,,,,,,,,,120,,,,,,,,,,,,Mosteiró,1,,,,Rua de Vila Verde,4485-912,,,,,,,,,,,,,
-8.66037624286783,41.2791565211606,406778599,house,,,,,,,,,,,,,,,,,,,,,,,,,,,,,,,,,,,,,,,,,
-8.66038970054092,41.2792025898865,406778596,house,,,,,,,,,,120,,,,,,,,,,,,Mosteiró,2,,,,Rua de Vila Verde,4485-912,,,,,,,,,,,,,
-8.6606219171343,41.2792648971722,406778598,house,,,,,,,,,,,,,,,,,,,,,,,1,,,,,,,,,,,,,,,,,,
-8.66045298769104,41.2793034960366,406778597,house,,,,,,,,,,,,,,,,,,,,,,,1,,,,,,,,,,,,,,,,,,
-8.66030495052788,41.2792770731953,332105540,house,,,,,,,,,,99,,,,,,,,,,,,Mosteiró,1,,,,Rua de Vila Verde,4485-912,,,,,,,,,,,,,
-8.66004376121717,41.2794323138874,332105566,house,,,,,,,,,,725,,,,,,,,,,,,Mosteiró,,,,,Rua Costa Padrão,4485-908,,,,,,,,,,,,,
-8.66268776297646,41.2799221861995,397618267,greenhouse,,,,,,,,,,,,,,,,,,,,,,,,,,,,,,,,,,,,,,,,,
-8.66263021095604,41.2800879965583,397618266,house,,,,,,,,,,,,,,,,,,,,,,,,,,,,,,,,,,,,,,,,,
-8.662410290917,41.280044160414,397618265,house,,,,,,,,,,,,,,,,,,,,,,,,,,,,,,,,,,,,,,,,,
-8.66228864737598,41.2798820696027,404223418,house,,,,,,,,,,,,,,,,,,,,,,,,,,,,,,,,,,,,,,,,,
-8.66209502617755,41.2799719777856,404223419,house,,,,,,,,,,,,,,,,,,,,,,,,,,,,,,,,,,,,,,,,,
-8.66216661715923,41.2800533353328,404223415,house,,,,,,,,,,,,,,,,,,,,,,,,,,,,,,,,,,,,,,,,,
-8.66265654912229,41.2802390584815,397618261,house,,,,,,,,,,,,,,,,,,,,,,,,,,,,,,,,,,,,,,,,,
-8.66255376816024,41.2802293294722,397618262,house,,,,,,,,,,,,,,,,,,,,,,,,,,,,,,,,,,,,,,,,,
-8.66240659771698,41.2802353740238,397618264,house,,,,,,,,,,,,,,,,,,,,,,,,,,,,,,,,,,,,,,,,,
-8.66229566257413,41.2802566737505,397618263,house,,,,,,,,,,,,,,,,,,,,,,,,,,,,,,,,,,,,,,,,,
-8.6618165829952,41.2798074211788,404223416,house,,,,,,,,,,,,,,,,,,,,,,,,,,,,,,,,,,,,,,,,,
-8.66198803187109,41.2799311241211,404223417,house,,,,,,,,,,,,,,,,,,,,,,,,,,,,,,,,,,,,,,,,,
-8.66007555270297,41.2801786304293,406778603,house,,,,,,,,,,,,,,,,,,,,,,,,,,,,,,,,,,,,,,,,,
-8.65862479888536,41.2784736033129,332104700,house,,,,,,,,,,94,,,,,,,,,,,,Mosteiró,2,,,,Rua de Aldeia Nova,4485-910,,,,,,,,,,,,,
-8.65862949966149,41.2785832546483,332104679,house,,,,,,,,,,,,,,,,,,,,,,,,,,,,,,,,,,,,,,,,,
-8.65891065578675,41.2788173884351,332105494,house,,,,,,,,,,,,,,,,,,,,,,,,,,,,,,,,,,,,,,,,,
-8.65860183821407,41.2788273794043,332104664,house,,,,,,,,,,98,,,,,,,,,,,,Mosteiró,1,,,,Rua de Aldeia Nova,4485-910,,,,,,,,,,,,,
-8.65941879707799,41.2790885338667,332105522,house,,,,Casa Lourença,,,,,,685,,,,,,,,,,,red,Mosteiró,2,orange,,,Rua Costa Padrão,4485-908,,9 m,,,,,,,,,,,
-8.65986025909246,41.2795730242535,332105559,house,,,,,,,,,,735,,,,,,,,,,,,Mosteiró,,,,,Rua Costa Padrão,4485-908,,,,,,,,,,,,,
-8.65858888179949,41.2784057376843,332104704,house,,,,,,,,,,84,,,,,,,,,,,,Mosteiró,1,,,,Rua de Aldeia Nova,4485-910,,,,,,,,,,,,,
-8.65840011154647,41.2784598451374,332104795,house,,,,,,,,,,,,,,,,,,,,,,,,,,,,,,,,,,,,,,,,,
-8.65845301935034,41.2785571279862,332104800,house,,,,,,,,,,,,,,,,,,,,,,,,,,,,,,,,,,,,,,,,,
-8.65828362526818,41.2786117835634,332104878,house,,,,,,,,,,,,,,,,,,,,,,,,,,,,,,,,,,,,,,,,,
-8.65816388808688,41.2783956157036,332105051,house,,,,,,,,,,,,,,,,,,,,,,,,,,,,,,,,,,,,,,,,,
-8.65794301821554,41.2784048569771,397546820,house,,,,,,,,,,,,,,,,,,,,,,,,,,,,,,,,,,,,,,,,,
-8.65813305697319,41.2786456569454,332104723,house,,,,,,,,,,,,,,,,,,,,,,,,,,,,,,,,,,,,,,,,,
-8.65798033362955,41.2787129923837,332104725,house,,,,,,,,,,,,,,,,,,,,,,,,,,,,,,,,,,,,,,,,,
-8.65783146159279,41.2784065308397,397546819,house,,,,,,,,,,,,,,,,,,,,,,,,,,,,,,,,,,,,,,,,,
-8.65770192844801,41.2785036024563,397546821,house,,,,,,,,,,,,,,,,,,,,,,,,,,,,,,,,,,,,,,,,,
-8.65764510790047,41.2789782390409,332101681,house,,,,,,,,,,,,,,,,,,,,,,,1,,,,,,,,,,,,,,,,,,
-8.65804934625993,41.2792993620324,332104657,house,,,,,,,,,,,,,,,,,,,,,,,,,,,,,,,,,,,,,,,,,
-8.65758956336017,41.2791089171484,330365359,house,,,,,,,,,,525,,,,,,,,,,,light grey,Mosteiró,2,grey,hipped,,Costa Padrão,4485-908,,,,,,,,,,,,,
-8.65723943564123,41.2792302501803,331484988,house,,,,,,,,,,514,,,,,,,,,,,,Mosteiró,,,,,Rua Costa Padrão,4485-908,,,,,,,,,,,,,
-8.65996468415235,41.280188408277,372468065,house,,,,,,,,,,,,,,,,,,,,,,,2,,,,,,,,,,,,,,,,,,
-8.65981038083016,41.2805118545518,438529196,house,,,,,,,,,,,,,,,,,,,,,,,,,,,,,,,,,,,,,,,,,
-8.66005904878077,41.2807112703189,438529193,house,,,,,,,,,,,,,,,,,,,,,,,,,,,,,,,,,,,,,,,,,
-8.66001229488402,41.2807330389479,438529195,house,,,,,,,,,,,,,,,,,,,,,,,,,,,,,,,,,,,,,,,,,
-8.65968428360231,41.2807393178448,438529194,house,,,,,,,,,,,,,,,,,,,,,,,,,,,,,,,,,,,,,,,,,
-8.65974074004076,41.2808791496862,438529192,house,,,,,,,,,,,,,,,,,,,,,,,,,,,,,,,,,,,,,,,,,
-8.66796572158227,41.2816350301347,407493286,house,,,,,,,,,,,,,,,,,,,,,,,,,,,,,,,,,,,,,,,,,
-8.66763333931092,41.2819360334891,405891894,house,,,,,,,,,,,,,,,,,,,,,,,,,,,,,,,,,,,,,,,,,
-8.66730963310105,41.2818304312132,407493289,house,,,,,,,,,,,,,,,,,,,,,,,,,,,,,,,,,,,,,,,,,
-8.66725917467487,41.2819519344702,407493288,house,,,,,,,,,,,,,,,,,,,,,,,,,,,,,,,,,,,,,,,,,
-8.66720787106114,41.2821210190817,407493287,house,,,,,,,,,,,,,,,,,,,,,,,,,,,,,,,,,,,,,,,,,
-8.66660974473152,41.28290298698,405891896,house,,,,,,,,,,,,,,,,,,,,,,,,,,,,,,,,,,,,,,,,,
-8.66642937713839,41.2829455882171,405891898,house,,,,,,,,,,,,,,,,,,,,,,,,,,,,,,,,,,,,,,,,,
-8.66647933299697,41.2830726013499,405891899,house,,,,,,,,,,,,,,,,,,,,,,,,,,,,,,,,,,,,,,,,,
-8.66432274449847,41.2822959344201,397546823,yes,,,,,,,,,,,,,,,,,,,,,,,,,,,,,,,,,,,,,,,,,
-8.66321587594422,41.2837560941044,769764152,house,,,,,,,,,,,,,,,,,,,,,,,,,,,,,,,,,,,,,,,,,
-8.66179534623884,41.2823126292105,372466567,apartments,,,,,,,,,,,,,,,,,,,,,,,2,,,,,,,,,,,,,,,,,,
-8.66199499643278,41.282415190403,372466856,yes,,,,,,,,,,,,,,,,,,,,,,,1,,,,,,,,,,,,,,,,,,
-8.66129711183813,41.282213476542,372466655,apartments,,,,,,,,,,,,,,,,,,,,,,,2,,,,,,,,,,,,,,,,,,
-8.66084836965643,41.2815854937067,372467486,house,,,,,,,,,,,,,,,,,,,,,,,1,,,,,,,,,,,,,,,,,,
-8.66067215657221,41.2815336213604,372467569,house,,,,,,,,,,,,,,,,,,,,,,,1,,,,,,,,,,,,,,,,,,
-8.66070061061176,41.2816186595574,372467430,house,,,,,,,,,,,,,,,,,,,,,,,2,,,,,,,,,,,,,,,,,,
-8.66091129491553,41.2817636158463,372467514,house,,,,,,,,,,,,,,,,,,,,,,,1,,,,,,,,,,,,,,,,,,
-8.66081391183622,41.2817892261929,372467325,house,,,,,,,,,,,,,,,,,,,,,,,2,,,,,,,,,,,,,,,,,,
-8.66061622439098,41.2814462506959,372467348,house,,,,,,,,,,,,,,,,,,,,,,,2,,,,,,,,,,,,,,,,,,
-8.66090498666297,41.282403900318,407537274,house,,,,,,,,,,,,,,,,,,,,,,,,,,,,,,,,,,,,,,,,,
-8.65936405627263,41.2813125487752,406778609,house,,,,,,,,,,,,,,,,,,,,,,,,,,,,,,,,,,,,,,,,,
-8.6592420922861,41.2814630272206,406778610,house,,,,,,,,,,,,,,,,,,,,,,,,,,,,,,,,,,,,,,,,,
-8.65912213754522,41.281511081604,406778611,house,,,,,,,,,,,,,,,,,,,,,,,,,,,,,,,,,,,,,,,,,
-8.6592667761172,41.2815847464442,406778616,house,,,,,,,,,,,,,,,,,,,,,,,,,,,,,,,,,,,,,,,,,
-8.65920776719976,41.2817113513719,406778614,warehouse,,,,,,,,,,,,,,,,,,,,,,,,,,,,,,,,,,,,,,,,,
-8.65894634714808,41.2816713661439,406778612,house,,,,,,,,,,,,,,,,,,,,,,,,,,,,,,,,,,,,,,,,,
-8.65969003514111,41.2821296426915,406778622,house,,,,,,,,,,,,,,,,,,,,,,,,,,,,,,,,,,,,,,,,,
-8.65955340757311,41.2819064507857,406778613,warehouse,,,,,,,,,,,,,,,,,,,,,,,,,,,,,,,,,,,,,,,,,
-8.65967826248649,41.2822347093114,406778621,house,,,,,,,,,,,,,,,,,,,,,,,,,,,,,,,,,,,,,,,,,
-8.65918361879765,41.282373742456,406778624,house,,,,,,,,,,,,,,,,,,,,,,,,,,,,,,,,,,,,,,,,,
-8.65822279092587,41.2816185313283,331485201,apartments,,,,,,,,,,,,,,,,,,,,,,,,,,,,,,,,,,,,,,,,,
-8.65767322518698,41.2820043829863,405896364,house,,,,,,,,,,,,,,,,,,,,,,,,,,,,,,,,,,,,,,,,,
-8.65770416510252,41.2821212936762,405896363,house,,,,,,,,,,,,,,,,,,,,,,,,,,,,,,,,,,,,,,,,,
-8.65748286953431,41.2819509892847,405896372,house,,,,,,,,,,,,,,,,,,,,,,,,,,,,,,,,,,,,,,,,,
-8.65732451942352,41.2819262957443,405896373,house,,,,,,,,,,,,,,,,,,,,,,,,,,,,,,,,,,,,,,,,,
-8.65733100057548,41.2820461316678,405896374,house,,,,,,,,,,,,,,,,,,,,,,,,,,,,,,,,,,,,,,,,,
-8.65724142653891,41.2820749522344,438538114,house,,,,,,,,,,,,,,,,,,,,,,,,,,,,,,,,,,,,,,,,,
-8.65762035883751,41.2824719552313,330367950,yes,,cafe,,Café Arões,,,,,,,,,,coffee_shop,,,,outside,,,,Mosteiró,,,,,Rua Central,,,,,,,wlan,,,,,,,
-8.65736254344763,41.2822651521548,331485202,apartments,,,,,,,,,,,,,,,,,,,,,,,,,,,,,,,,,,,,,,,,,
-8.65747407454854,41.282493153293,405896366,house,,,,,,,,,,,,,,,,,,,,,,,,,,,,,,,,,,,,,,,,,
-8.65780724123035,41.2826578508331,397546812,house,,,,,,,,,,,,,,,,,,,,,,,,,,,,,,,,,,,,,,,,,
-8.6574012130789,41.2825559308824,405896367,house,,,,,,,,,,,,,,,,,,,,,,,,,,,,,,,,,,,,,,,,,
-8.65729811537962,41.2825812068417,405896368,house,,,,,,,,,,,,,,,,,,,,,,,,,,,,,,,,,,,,,,,,,
-8.69876395940959,41.2924512997574,386578561,yes,,,,,,,,,,,,,,,,,,,,,,,,,,,,,,,,,,,,,,,,,
-8.69936141763133,41.2936099003587,399434449,yes,,,,,,,,,,,,,,,,,,,,,,,,,,,,,,,,,,,,,,,,,
-8.6991892699587,41.2936794222396,399434450,yes,,,,,,,,,,,,,,,,,,,,,,,,,,,,,,,,,,,,,,,,,
-8.69067516475751,41.2943390289379,259057101,yes,,pharmacy,,Farmacia da Árvore,,,,,,,,,,,,,,,,,,,,,,,,,,,,,,,,,,,,,
-8.69085732082588,41.2946097064345,259058104,yes,,townhall,,Junta de Freguesia de Modivas,,,,,,,,,,,,,,,,,,,,,,,,,,,,village,,,,,,,,,
-8.69074280890504,41.2947068000937,259057100,yes,,hospital,,Clinica de Modivas,,,,,,,,,,,,,,,,,,,,,,,,,,,,,,,no,,,,,,
-8.69260986441944,41.2951535373523,399434452,apartments,,,,,,,,,,,,,,,,,,,,,yellow,,2,orange,hipped,,,,,,,,,,,,,,,,
-8.6927907043767,41.2952865495437,399434451,apartments,,,,,,,,,,,,,,,,,,,,,yellow,,2,orange,hipped,,,,,,,,,,,,,,,,
-8.69736114706128,41.300268442557,135458139,yes,,,,,,,,,,,,,,,,,,,,,,,,,,,,,,,,,,,,,,,,,
-8.69573120371449,41.3007801728526,135458144,yes,,,,LACTOGAL,,,,,,,,,,,,,,,,,,,,,,,,,,,,,,,,,,,,,
-8.69180592081206,41.2994305897838,318484190,industrial,,,,,,,,,,,,,,,,,,,,,,,,,,,,,,,,,,,,,,,,,
-8.69358189580262,41.3004191021734,318484189,industrial,,,,,,,,,,,,,,,,,,,,,,,,,,,,,,,,,,,,,,,,,
-8.69243562399066,41.3008785472028,318484191,industrial,,,,,,,,,,,,,,,,,,,,,,,,,,,,,,,,,,,,,,,,,
-8.70079610729785,41.3035122950526,318483742,industrial,,,,,,,,,,,,,,,,,,,,,,,,,,,,,,,,,,,,,,,,,
-8.70012047163928,41.3037742979778,318483744,industrial,,,,,,,,,,,,,,,,,,,,,,,,,,,,,,,,,,,,,,,,,
-8.69976828530644,41.3032272882644,318483746,industrial,,,,,,,,,,,,,,,,,,,,,,,,,,,,,,,,,,,,,,,,,
-8.69887054353148,41.3036870767013,318482566,industrial,,,,,,,,,,,,,,,,,,,,,,,,,,,,,,,,,,,,,,,,,
-8.70035015886037,41.3058717981154,318482555,industrial,,,,,,,,,,,,,,,,,,,,,,,,,,,,,,,,,,,,,,,,,
-8.69969355636435,41.3045604981082,318482553,industrial,,,,,,,,,,,,,,,,,,,,,,,,,,,,,,,,,,,,,,,,,
-8.69848894848336,41.3050416270208,318482561,industrial,,,,,,,,,,,,,,,,,,,,,,,,,,,,,,,,,,,,,,,,,
-8.69766535214355,41.3054909539416,318482564,industrial,,,,,,,,,,,,,,,,,,,,,,,,,,,,,,,,,,,,,,,,,
-8.70073973421622,41.30782212886,318482554,industrial,,,,,,,,,,,,,,,,,,,,,,,,,,,,,,,,,,,,,,,,,
-8.69973511029885,41.3071273073926,318482565,industrial,,,,,,,,,,,,,,,,,,,,,,,,,,,,,,,,,,,,,,,,,
-8.69913332102126,41.3081546229842,318482552,industrial,,,,,,,,,,,,,,,,,,,,,,,,,,,,,,,,,,,,,,,,,
-8.69820965389775,41.3064437682947,318482560,industrial,,,,,,,,,,,,,,,,,,,,,,,,,,,,,,,,,,,,,,,,,
-8.69828533363667,41.3071014940546,318482556,industrial,,,,,,,,,,,,,,,,,,,,,,,,,,,,,,,,,,,,,,,,,
-8.67911786607094,41.2884106274328,258993705,yes,,school,,Escola Primária da Carrapata,,,,,,,,,,,,,,,,,,,,,,,,,,,,,,,,,,,,,
-8.67411671532615,41.2879103542361,399435056,school,,,,Infantário de Vilar,,,,,,,,,,,,,,,,,,,,,,,,,,,,,,,,,,,,,
-8.67392297559572,41.2879937459666,409043234,house,,,,,,,,,,,,,,,,,,,,,,,,,,,,,,,,,,,,,,,,,
-8.67416115657047,41.2880021444361,259061021,yes,,townhall,,Junta de Freguesia de Vilar,,,,,,,,,,,,,,,,,,,,,,,,,,,,village,,,,,,,,,
-8.67410552703812,41.2880090493567,399435053,yes,,,,,,,,,,,,,,,,,,,,,,,,,,,,,,,,,,,,,,,,,
-8.67404752868244,41.2879983949577,409043232,house,,,,,,,,,,,,,,,,,,,,,,,,,,,,,,,,,,,,,,,,,
-8.6738329,41.287996,409043236,house,,,,,,,,,,,,,,,,,,,,,,,,,,,,,,,,,,,,,,,,,
-8.67539032677881,41.2905369378449,409043246,apartments,,,,,,,,,,,,,,,,,,,,,,,,,,,,,,,,,,,,,,,,,
-8.67495507472443,41.2906177362652,409043248,apartments,,,,,,,,,,,,,,,,,,,,,,,,,,,,,,,,,,,,,,,,,
-8.67462509548358,41.2910273550875,409043250,apartments,,,,,,,,,,,,,,,,,,,,,,,,,,,,,,,,,,,,,,,,,
-8.67326544417812,41.2871202955502,409043192,house,,,,,,,,,,,,,,,,,,,,,,,,,,,,,,,,,,,,,,,,,
-8.67156653843813,41.2874678497446,409043225,house,,,,,,,,,,,,,,,,,,,,,,,2,,,,,,,,,,,,,,,,,,
-8.67270214480434,41.2884800000891,409043229,apartments,,,,,,,,,,,,,,,,,,,,,,,,,,,,,,,,,,,,,,,,,
-8.672548,41.28858,409043230,apartments,,,,,,,,,,,,,,,,,,,,,,,,,,,,,,,,,,,,,,,,,
-8.6714688864093,41.2882033523347,409043195,house,,,,,,,,,,,,,,,,,,,,,,,,,,,,,,,,,,,,,,,,,
-8.6713383613364,41.2884185826292,409043227,house,,,,,,,,,,,,,,,,,,,,,,,,,,,,,,,,,,,,,,,,,
-8.67042045366382,41.2879191000481,409043220,house,,,,,,,,,,,,,,,,,,,,,,,2,,,,,,,,,,,,,,,,,,
-8.67029226137513,41.2879849125684,409043223,house,,,,,,,,,,,,,,,,,,,,,,,1,,,,,,,,,,,,,,,,,,
-8.67019125,41.28825965,409043211,church,,,,,,,,,,,,,,,,,,,,,,,,orange,pyramidal,,,,,27.5 m,,,,,,4 m,,,,,
-8.67007163924437,41.2882396071608,409043209,church,,,,,,,,,,,,,,,,,,,,,,,,,,,,,,,,,,,,,,,,,
-8.67004265943413,41.2883113402117,409043216,church,,,,,,,,,,,,,,,,,,,,,,,,,,,,,,,,,,,,,,,,,
-8.66992591783625,41.2882240999313,409043218,church,,,,,,,,,,,,,,,,,,,,,,,,orange,lean_to,,,,,5 m,,,,,,,,,,,
-8.66990326748556,41.2883079952424,409043214,church,,,,,,,,,,,,,,,,,,,,,,,,,,,,,,,,,,,,,,,,,
-8.6699991575116,41.2885041045624,399436193,chapel,,,,,,,,,,,,,,,,,,,,,,,,,,,,,,,,,,,,,,,,,
-8.67117990177962,41.2895069000316,330894553,yes,,cafe,,Princesa de Vilar,,,,,,,,,,coffee_shop,,,,no,,,,,,,,,,,,,,,,wlan,,,,,,,
-8.65822925145892,41.2907595500098,321130900,commercial,,,,,,,,,,,,,,,,,,,,,,,,,,,,,,,,,,,,,,,,,
-8.65689050748217,41.2779790380662,397546789,house,,,,,,,,,,120,,,,,,,,,,,,Mosteiró,,,,,Rua de Caselo,4485-907,,,,,,,,,,,,,
-8.65678193173931,41.2779206453998,397546791,house,,,,,,,,,,115-117,,,,,,,,,,,,Mosteiró,1,,,,Rua de Caselo,4485-907,,,,,,,,,,,,,
-8.65679998617138,41.2780147938697,397546790,house,,,,,,,,,,100,,,,,,,,,,,,Mosteiró,1,,,,Rua de Caselo,4485-907,,,,,,,,,,,,,
-8.65660549779224,41.2779900262533,397546792,house,,,,,,,,,,85,,,,,,,,,,,,Mosteiró,,,,,Rua de Caselo,4485-907,,,,,,,,,,,,,
-8.65669910414805,41.2780707034983,397546793,house,,,,,,,,,,94,,,,,,,,,,,,Mosteiró,,,,,Rua de Caselo,4485-907,,,,,,,,,,,,,
-8.65665640032346,41.278149603728,397546794,house,,,,,,,,,,90,,,,,,,,,,,,Mosteiró,,,,,Rua de Caselo,4485-907,,,,,,,,,,,,,
-8.65646325678059,41.27778910729,397546797,roof,,,,,,,,,,,,,,,,,,,,,,,,,,,,,,,,,,,,,,,,,
-8.65644153328032,41.2779903902518,397546798,house,,,,,,,,,,,,,,,,,,,,,,,,,,,,,,,,,,,,,,,,,
-8.65651124983674,41.2780643493177,397546795,house,,,,,,,,,,85,,,,,,,,,,,,Mosteiró,2,,,,Rua de Caselo,4485-907,,,,,,,,,,,,,
-8.65646783786957,41.2781351450675,397546796,house,,,,,,,,,,85,,,,,,,,,,,,Mosteiró,1,,,,Rua de Caselo,4485-907,,,,,,,,,,,,,
-8.65207648946198,41.2782974080507,407317669,house,,,,,,,,,,,,,,,,,,,,,,,,,,,,,,,,,,,,,,,,,
-8.65672435880965,41.2787132913982,331484924,house,,,,,,,,,,465,,,,,,,,,,,,Mosteiró,,,,,Rua Costa Padrão,4485-908,,,,,,,,,,,,,
-8.6569321987997,41.2788077107743,407077844,house,,,,,,,,,,,,,,,,,,,,,,,,,,,,,,,,,,,,,,,,,
-8.65705004775515,41.2788672994692,331484865,house,,,,,,,,,,485,,,,,,,,,,,,Mosteiró,,,,,Rua Costa Padrão,4485-908,,,,,,,,,,,,,
-8.6568044,41.2788192,331484976,house,,,,,,,,,,,,,,,,,,,,,,,,,,,,,,,,,,,,,,,,,
-8.65684005,41.27903005,331485187,house,,,,,,,,,,484,,,,,,,,,,,,Mosteiró,2,,,,Rua Costa Padrão,4485-908,,,,,,,,,,,,,
-8.65620901069945,41.2788704373665,407317648,house,,,,,,,,,,,,,,,,,,,,,,Mosteiró,,,,,Rua Costa Padrão,4485-908,,,,,abandoned,,,,,,,,
-8.6560348076409,41.2790163014927,407075356,house,,,,,,,,,,394,,,,,,,,,,,,Mosteiró,,,,,Rua Costa Padrão,4485-908,,,,,,,,,,,,,
-8.65707516133738,41.2791488998368,331485063,house,,,,,,,,,,510,,,,,,,,,,,,Mosteiró,,,,,Rua Costa Padrão,4485-908,,,,,,,,,,,,,
-8.65710027688107,41.2793793918913,407077849,garage,,,,,,,,,,,,,,,,,,,,,,,,,,,,,,,,,,,,,,,,,
-8.65682699404649,41.2791207978759,438533352,garage,,,,,,,,,,,,,,,,,,,,,,,,,,,,,,,,,,,,,,,,,
-8.65609959332011,41.2791294053196,407075359,house,,,,,,,,,,,,,,,,,,,,,,,,,,,,,,,,,,,,,,,,,
-8.6556186822791,41.2787984369092,331485443,house,,,,,,,,,,,,,,,,,,,,,,,,,,,,,,,,,,,,,,,,,
-8.65526018055387,41.278838433047,397618289,house,,,,,,,,,,,,,,,,,,,,,,,,,,,,,,,,,,,,,,,,,
-8.65538278870054,41.2790632148474,397618288,house,,,,,,,,,,355,,,,,,,,,,,,Mosteiró,,,,,Rua Costa Padrão,4485-908,,,,,,,,,,,,,
-8.65580442227981,41.2790493973619,407075361,house,,,,,,,,,,374,,,,,,,,,,,,Mosteiró,,,,,Rua Costa Padrão,4485-908,,,,,,,,,,,,,
-8.65554757049133,41.2791873858787,407075360,house,,,,,,,,,,7,,,,,,,,,,,,Mosteiró,,,,,Rua de Figueiras,4485-907,,,,,,,,,,,,,
-8.65572568276025,41.2793500175332,407075363,house,,,,,,,,,,,,,,,,,,,,,,,,,,,,,,,,,,,,,,,,,
-8.65535467346247,41.2792050787521,407075346,house,,,,,,,,,,322,,,,,,,,,,,,Mosteiró,1,,,,Rua Costa Padrão,4485-908,,,,,,,,,,,,,
-8.65522873046751,41.2790912307789,397618290,house,,,,,,,,,,,,,,,,,,,,,,,,,,,,,,,,,,,,,,,,,
-8.65538368306504,41.2792700726331,438533355,garage,,,,,,,,,,,,,,,,,,,,,,,,,,,,,,,,,,,,,,,,,
-8.65528725200359,41.2792864854007,407075347,house,,,,,,,,,,320,,,,,,,,,,,,Mosteiró,,,,,Rua Costa Padrão,4485-908,,,,,,,,,,,,,
-8.65525597048302,41.2794016807221,407075349,house,,,,,,,,,,,,,,,,,,,,,,,,,,,,,,,,,,,,,,,,,
-8.65538760963044,41.2796120967853,407075344,house,,,,,,,,,,,,,,,,,,,,,,,,,,,,,,,,,,,,,,,,,
-8.65509629749668,41.2792998031789,407075348,house,,,,Casa do Chascada,,,,,,290,,,,,,,,,,,,Mosteiró,,,,,Rua Costa Padrão,4485-908,,,,,,,,,,,,,
-8.65505712632521,41.2794181984652,407075350,house,,,,,,,,,,,,,,,,,,,,,,,,,,,,,,,,,,,,,,,,,
-8.65489844156346,41.2792690529366,407075351,house,,,,,,,,,,,,,,,,,,,,,,,,,,,,,,,,,,,,,,,,,
-8.65507396403805,41.2796249167275,407075343,house,,,,,,,,,,,,,,,,,,,,,,,,,,,,,,,,,,,,,,,,,
-8.65476976400755,41.2795981571138,407075345,house,,,,,,,,,,,,,,,,,,,,,,,,,,,,,,,,,,,,,,,,,
-8.65505958853981,41.279844585471,407075342,yes,,,,,,,,,,,,,,,,,,,,,,,,,,,,,,,,,,,,,,,,,
-8.6539850954108,41.2790535740297,407317652,house,,,,,,,,,,230,,,,,,,,,,,,Mosteiró,1,,,,Rua Costa Padrão,4485-908,,,,,,,,,,,,,
-8.65332691530406,41.2786700463884,397618278,house,,,,,,,,,,,,,,,,,,,,,,,,,,,,,,,,,,,,,,,,,
-8.6534000006717,41.2787536481829,397618277,house,,,,,,,,,,171,,,,,,,,,,,,Mosteiró,2,,,,Rua Costa Padrão,4485-908,,,,,,,,,,,,,
-8.653280806958,41.2787476759085,397618279,house,,,,,,,,,,155,,,,,,,,,,,,Mosteiró,1,,,,Rua Costa Padrão,4485-908,,,,,,,,,,,,,
-8.65416844752975,41.27910047181,407317651,house,,,,,,,,,,230,,,,,,,,,,,,Mosteiró,2,,,,Rua Costa Padrão,4485-908,,,,,,,,,,,,,
-8.65295899010448,41.2787295943156,397618280,house,,,,,,,,,,185,,,,,,,,,,,,Mosteiró,,,,,Rua Costa Padrão,4485-908,,,,,,,,,,,,,
-8.65279463876733,41.2786345144648,397618281,house,,,,,,,,,,,,,,,,,,,,,,,,,,,,,,,,,,,,,,,,,
-8.65275085212478,41.2787127820066,397618282,house,,,,,,,,,,,,,,,,,,,,,,,,,,,,,,,,,,,,,,,,,
-8.65262713567233,41.2786718432636,397618283,house,,,,,,,,,,,,,,,,,,,,,,,,,,,,,,,,,,,,,,,,,
-8.65249336362136,41.2786413643881,397618284,house,,,,,,,,,,,,,,,,,,,,,,,,,,,,,,,,,,,,,,,,,
-8.65219421414428,41.2785393018935,372468369,apartments,,,,,,,,,,75,,,,,,,,,,,,Mosteiró,3,,,,Rua Costa Padrão,4485-908,,,,,,,,,,,,,
-8.6523488768431,41.2785681343344,372468375,house,,,,,,,,,,,,,,,,,,,,,,,1,,,,,,,,,,,,,,,,,,
-8.6524005156812,41.2786300041067,372468371,house,,,,,,,,,,83,,,,,,,,,,,,Mosteiró,2,,,,Rua Costa Padrão,4485-908,,,,,,,,,,,,,
-8.65229496389315,41.2788066168649,397618285,house,,,,,,,,,,70,,,,,,,,,,,,Mosteiró,1,,,,Rua Costa Padrão,4485-908,,,,,,,,,,,,,
-8.65177120850118,41.2789949525267,407317675,house,,,,,,,,,,,,,,,,,,,,,,,,,,,,,,,,,,,,,,,,,
-8.65170509822543,41.2789190249207,397618286,house,,,,,,,,,,14,,,,,,,,,,,,Mosteiró,,,,,Rua Costa Padrão,4485-908,,,,,,,,,,,,,
-8.65157004563378,41.2790416491472,407317674,house,,,,,,,,,,,,,,,,,,,,,,,,,,,,,,,,,,,,,,,,,
-8.65152214837665,41.2789180692006,397618287,apartments,,,,,,,,,,10,,,,,,,,,,,,Mosteiró,2,,,,Rua Costa Padrão,4485-908,,,,,,,,,,,,,
-8.64996469317117,41.2786051571405,407537279,house,,,,,,,,,,,,,,,,,,,,,,,,,,,,,,,,,,,,,,,,,
-8.65028763693642,41.278773772552,407537280,house,,,,,,,,,,,,,,,,,,,,,,,,,,,,,,,,,,,,,,,,,
-8.65703141384613,41.2820532487687,405896377,house,,,,,,,,,,,,,,,,,,,,,,,,,,,,,,,,,,,,,,,,,
-8.65682473344907,41.2819709826698,405896376,house,,,,,,,,,,,,,,,,,,,,,,,,,,,,,,,,,,,,,,,,,
-8.65676961658192,41.282159588521,405896378,house,,,,,,,,,,,,,,,,,,,,,,,,,,,,,,,,,,,,,,,,,
-8.6570848497534,41.2823381555537,397546813,house,,,,,,,,,,,,,,,,,,,,,,,,,,,,,,,,,,,,,,,,,
-8.65697781802833,41.2823397718785,397546814,house,,,,,,,,,,,,,,,,,,,,,,,,,,,,,,,,,,,,,,,,,
-8.65709231178197,41.2825158477609,397546815,house,,,,,,,,,,,,,,,,,,,,,,,,,,,,,,,,,,,,,,,,,
-8.65700027669163,41.2825248622678,407300157,house,,,,,,,,,,,,,,,,,,,,,,,,,,,,,,,,,,,,,,,,,
-8.65687932286671,41.2827038220881,397546817,house,,,,,,,,,,,,,,,,,,,,,,,,,,,,,,,,,,,,,,,,,
-8.657086574336,41.2827425432941,405896369,house,,,,,,,,,,,,,,,,,,,,,,,,,,,,,,,,,,,,,,,,,
-8.65698111126218,41.2827811394447,405896370,house,,,,,,,,,,,,,,,,,,,,,,,,,,,,,,,,,,,,,,,,,
-8.65686436335602,41.2825561469034,397546816,house,,,,,,,,,,,,,,,,,,,,,,,,,,,,,,,,,,,,,,,,,
-8.65653024609019,41.2827682717542,405896371,house,,,,,,,,,,,,,,,,,,,,,,,,,,,,,,,,,,,,,,,,,
-8.6564012729858,41.2830660466707,407300120,house,,,,,,,,,,,,,,,,,,,,,,,,,,,,,,,,,,,,,,,,,
-8.65636369803322,41.2831977839446,407300122,warehouse,,,,,,,,,,,,,,,,,,,,,,,,,,,,,,,,,,,,,,,,,
-8.6559294094366,41.2830764036638,407300130,house,,,,,,,,,,,,,,,,,,,,,,,,,,,,,,,,,,,,,,,,,
-8.65589937300549,41.283181723191,407300138,house,,,,,,,,,,,,,,,,,,,,,,,,,,,,,,,,,,,,,,,,,
-8.65593052315704,41.283243736303,407300135,house,,,,,,,,,,,,,,,,,,,,,,,,,,,,,,,,,,,,,,,,,
-8.65580323677436,41.2830993476991,407300124,house,,,,,,,,,,,,,,,,,,,,,,,,,,,,,,,,,,,,,,,,,
-8.65559483597295,41.2831643863589,407300126,house,,,,,,,,,,,,,,,,,,,,,,,,,,,,,,,,,,,,,,,,,
-8.65581498936139,41.2832241645345,407300128,house,,,,,,,,,,,,,,,,,,,,,,,,,,,,,,,,,,,,,,,,,
-8.65506052344672,41.2833720890219,331485233,apartments,,,,,,,,,,,,,,,,,,,,,,,,,,,,,,,,,,,,,,,,,
-8.65277441585022,41.2824689004942,407534118,house,,,,,,,,,,,,,,,,,,,,,,,,,,,,,,,,,,,,,,,,,
-8.65407640396006,41.2831593173018,405896352,house,,,,,,,,,,,,,,,,,,,,,,,,,,,,,,,,,,,,,,,,,
-8.6539550059849,41.2832401459045,405896353,house,,,,,,,,,,,,,,,,,,,,,,,,,,,,,,,,,,,,,,,,,
-8.65382971703482,41.2831583011169,405896355,house,,,,,,,,,,,,,,,,,,,,,,,,,,,,,,,,,,,,,,,,,
-8.65370791043092,41.2831925807405,405896354,house,,,,,,,,,,,,,,,,,,,,,,,,,,,,,,,,,,,,,,,,,
-8.65397717879344,41.2833268198114,407535921,house,,,,,,,,,,,,,,,,,,,,,,,,,,,,,,,,,,,,,,,,,
-8.65406515665101,41.2833567445362,405896351,house,,,,,,,,,,,,,,,,,,,,,,,,,,,,,,,,,,,,,,,,,
-8.65397578629594,41.2834722765325,405896350,house,,,,,,,,,,,,,,,,,,,,,,,,,,,,,,,,,,,,,,,,,
-8.65437175935524,41.2837279242813,407300147,house,,,,,,,,,,,,,,,,,,,,,,,,,,,,,,,,,,,,,,,,,
-8.65372602116847,41.2834790024734,405896349,house,,,,,,,,,,,,,,,,,,,,,,,,,,,,,,,,,,,,,,,,,
-8.65353848453163,41.2834978534884,407535915,house,,,,,,,,,,,,,,,,,,,,,,,,,,,,,,,,,,,,,,,,,
-8.65372774877393,41.2836533569157,407300150,house,,,,,,,,,,,,,,,,,,,,,,,,,,,,,,,,,,,,,,,,,
-8.65337439559997,41.2836258782282,405896348,house,,,,,,,,,,,,,,,,,,,,,,,,,,,,,,,,,,,,,,,,,
-8.65339775189239,41.2837784964918,405896358,house,,,,,,,,,,,,,,,,,,,,,,,,,,,,,,,,,,,,,,,,,
-8.6531128,41.28370955,405896347,house,,,,,,,,,,3,,,,,,,,,,,,Vilar e Mosteiró,2,,,,Travessa D.Maria II,4485-904,,,,,,,,,,,,,
-8.65294983792563,41.2827636118977,407535918,house,,,,,,,,,,,,,,,,,,,,,,,,,,,,,,,,,,,,,,,,,
-8.65177440871132,41.28312634985,407496273,house,,,,,,,,,,,,,,,,,,,,,,,,,,,,,,,,,,,,,,,,,
-8.65279125585511,41.2834262701592,407535917,house,,,,,,,,,,,,,,,,,,,,,,,,,,,,,,,,,,,,,,,,,
-8.65280575,41.28362245,405896346,house,,,,,,,,,,3,,,,,,,,,,,,Vilar e Mosteiró,,,,,Travessa D.Maria II,4485-904,,,,,,,,,,,,,
-8.65179696934375,41.2832827897435,407496272,house,,,,,,,,,,2,,,,,,,,,,,,Vilar e Mosteiró,,,,,Largo de Arões,4485-900,,,,,,,,,,,,,
-8.65196096594962,41.2837868507155,332101643,yes,,,,balneários,,,,,,,sports_centre,,,,,,,,,,,,,,,,,,,,,,,,,,,,,,
-8.65451183642711,41.2840725483972,407300154,house,,,,,,,,,,,,,,,,,,,,,,,,,,,,,,,,,,,,,,,,,
-8.653209470765,41.2839879839232,405896356,house,,,,,,,,,,,,,,,,,,,,,,,,,,,,,,,,,,,,,,,,,
-8.65342398532704,41.2841491651279,405896357,house,,,,,,,,,,,,,,,,,,,,,,,,,,,,,,,,,,,,,,,,,
-8.65364443663886,41.2843871062385,407493303,house,,,,,,,,,,,,,,,,,,,,,,,,,,,,,,,,,,,,,,,,,
-8.65346792090878,41.2842799247656,407493302,house,,,,,,,,,,,,,,,,,,,,,,,,,,,,,,,,,,,,,,,,,
-8.65324806327408,41.2842699468454,407493301,house,,,,,,,,,,,,,,,,,,,,,white,Vilar e Mosteiró,2,orange,pyramidal,,Largo de Arões,,,,,,,,,2.5 m,7 m,,,,
-8.65323489058743,41.2844902454302,407493304,stable,,,,,,,,,,,,,,,,,,,,,,,,,,,,,,,,,,,,,,,,,
-8.65344404962186,41.284562349964,407493305,house,,,,,,,,,,,,,,,,,,,,,,,,,,,,,,,,,,,,,,,,,
-8.6531824,41.28471245,407535931,house,,,,,,,,,,,,,,,,,,,,,,,,,,,,,,,,,,,,,,,,,
-8.65218882723815,41.2839838648232,407493297,yes,,,,,,,,,,,,,,,,,,,,,,,,,,,,,,,,,,,,,,,,,
-8.65189878386984,41.2840295629436,407493298,yes,,,,Bancadas,,,,,,,,,,,,,,,,,,,,,,,,,,,,,,,,,,,,,
-8.65248703385024,41.2850463574219,407493300,house,,,,,,,,,,,,,,,,,,,,,,,,,,,,,,,,,,,,,,,,,
-8.65223536325601,41.2846178480456,407496263,house,,,,,,,,,,140,,,,,,,,,,,,Vilar e Mosteiró,2,orange,gabled,,Rua Central,4485-932,,,,,,,,,,,,,
-8.65011948133529,41.281730849738,397546807,yes,,,,,,,,,,,,,,,,,,,,,,,,,,,,,,,,,,,,,,,,,
-8.64958545568446,41.281702850169,397546806,house,,,,,,,,,,,,,,,,,,,,,,,,,,,,,,,,,,,,,,,,,
-8.64908378306603,41.281634527518,397546810,yes,,,,,,,,,,,,,,,,,,,,,,,,,,,,,,,,,,,,,,,,,
-8.65153398912825,41.2828266779105,407496271,house,,,,,,,,,,225,,,,,,,,,,,,Vilar e Mosteiró,,,,,Travessa D.Maria II,4485-904,,,,,,,,,,,,,
-8.65131878110946,41.2831362429468,407496262,house,,,,,,,,,,195,,,,,,,,,,,,Vilar e Mosteiró,,,,,Travessa D.Maria II,4485-904,,,,,,,,,,,,,
-8.65088724456493,41.2829384497381,407496278,house,,,,,,,,,,,,,,,,,,,,,,,,,,,,,,,,,,,,,,,,,
-8.6508899234385,41.2830511417198,407496277,house,,,,,,,,,,155,,,,,,,,,,,,Vilar e Mosteiró,1,,,,Travessa D.Maria II,4485-904,,,,,,,,,,,,,
-8.65169905,41.28349835,407496260,house,,,,,,,,,,20,,,,,,,,,,,,Vilar e Mosteiró,2,,,,Largo de Arões,4485-900,,,,,,,,,,,,,
-8.65161677721055,41.283492208297,407496261,house,,,,,,,,,,,,,,,,,,,,,,,,,,,,,,,,,,,,,,,,,
-8.65109046868752,41.2832277241496,407535936,house,,,,Abandonado,,,,,,,,,,,,,,,,,,Vilar e Mosteiró,1,,,,Travessa D.Maria II,4485-904,,,,,,,,,,,,,
-8.6516734819918,41.2835944535477,407496259,house,,,,Casa da Silva,,,,,,20,,,,,,,,,,,,Vilar e Mosteiró,2,,,,Largo de Arões,4485-900,,,,,,,,,,,,,
-8.65166251688905,41.2836699350693,407496258,house,,,,,,,,,,,,,,,,,,,,,,,1,,,,,,,,,,abandoned,,,,,,,,
-8.6516721642176,41.2838546776592,407496256,house,,,,,,,,,,46,,,,,,,,,,,,Vilar e Mosteiró,,,,,Largo de Arões,4485-900,,,,,,,,,,,,,
-8.65088955,41.28319545,407535935,house,,,,,,,,,,154,,,,,,,,,,,,Vilar e Mosteiró,2,,,,Travessa D.Maria II,4485-904,,,,,,,,,,camera,outdoor,,
-8.65033063920281,41.283230672271,407535933,house,,,,,,,,,,,,,,,,,,,,,,,,,,,,,,,,,,,,,,,,,
-8.64921742338658,41.2827992051,407539809,house,,,,,,,,,,,,,,,,,,,,,,,1,,,,,,,,,,,,,,,,,,
-8.64915919268333,41.2832639807058,407539810,house,,,,,,,,,,,,,,,,,,,,,,,1,,,,,,,,,,,,,,,,,,
-8.64903302878075,41.283248921412,407539811,house,,,,,,,,,,,,,,,,,,,,,,,,,,,,,,,,,,,,,,,,,
-8.64856323834624,41.2812309504138,407539779,house,,,,,,,,,,,,,,,,,,,,,,,,,,,,,,,,,,,,,,,,,
-8.64869321335013,41.2817622960034,397546809,yes,,,,,,,,,,,,,,,,,,,,,,,,,,,,,,,,,,,,,,,,,
-8.64859723515843,41.2821124320912,397546808,house,,,,,,,,,,,,,,,,,,,,,,,,,,,,,,,,,,,,,,,,,
-8.64856823979326,41.2831227498783,407539802,house,,,,,,,,,,260,,,,,,,,,,,,Vilar e Mosteiró,1,,,,Rua D.Maria II,4485-902,,,,,,,,,,,,,
-8.64886804710544,41.2835309366581,407539799,house,,,,,,,,,,200,,,,,,,,,,,,Vilar e Mosteiró,1,,,,Rua D.Maria II,4485-902,,,,,,,,,,,,,
-8.65171332579569,41.2839667495459,407496257,house,,,,,,,,,,72,,,,,,,,,,,,Vilar e Mosteiró,1,,,,Largo de Arões,4485-900,,,,,,,,,,,,,
-8.65165283423858,41.2840928765873,407496255,house,,,,,,,,,,72,,,,,,,,,,,,Vilar e Mosteiró,2,,,,Largo de Arões,4485-900,,,,,,,,,,,,,
-8.65170029822804,41.2842563500542,407496254,house,,,,,,,,,,94,,,,,,,,,,,,Vilar e Mosteiró,2,,,,Largo de Arões,4485-900,,,,,,,,,,,,,
-8.6516801348575,41.2843408928992,407496253,house,,,,,,,,,,114,,,,,,,,,,,,Vilar e Mosteiró,2,,,,Largo de Arões,4485-900,,,,,,,,,,,,,
-8.65170082439244,41.2844200962312,407496252,house,,,,,,,,,,,,,,,,,,,,,,,,,,,,,,,,,,,,,,,,,
-8.65169644975344,41.2844941992444,407496251,house,,,,,,,,,,,,,,,,,,,,,,,2,,,,,,,,,,,,,,,,,,
-8.64939474083109,41.2840818488387,407539794,house,,,,,,,,,,180,,,,,,,,,,,,Vilar e Mosteiró,2,,,,Rua D.Maria II,4485-902,,,,,,,,,,,,,
-8.64961354550121,41.2843436999144,407496249,house,,,,,,,,,,,,,,,,,,,,,,,,,,,,,,,,,,,,,,,,,
-8.64976774858427,41.2845653999624,407496250,house,,,,,,,,,,,,,,,,,,,,,,,,,,,,,,,,,,,,,,,,,
-8.6499601,41.28481975,407539795,house,,,,,,,,,,,,,,,,,,,,,,,,,,,,,,,,,,,,,,,,,
-8.6515829,41.2853412,747504534,yes,,,,,,,,,,,,,,,,,,,,,,,,,,,,,,,,,,,,,,,,,
-8.64879903306998,41.2839144911972,407539800,house,,,,,,,,,,,,,,,,,,,,,,,,,,,,,,,,,,,,,,,,,
-8.65160340383913,41.2876453537914,407535924,greenhouse,,,,,,,,,,,,,,,,,,,,,,,,,,,,,,,,,,,,,,,,,
-8.65025072225439,41.2879947001616,445766786,yes,,,,,,,,,,,,,,,,,,,,,,,,,,,,,,,,,,,,,,,,,
-8.64993285,41.2883024,445766787,house,,,,,,,,,,,,,,,,,,,,,,,,,,,,,,,,,,,,,,,,,
-8.64967769162073,41.2885926247396,445766788,house,,,,,,,,,,,,,,,,,,,,,,,,,,,,,,,,,,,,,,,,,
-8.64858382470408,41.2894999991656,445766800,house,,,,,,,,,,,,,,,,,,,,,,,,,,,,,,,,,,,,,,,,,
-8.71417745732215,41.3148402500492,386440231,yes,,,,,,,,,,,,,,,,,,,,,,,,,hipped,along,,,roof_tiles,,,,,,,,,,,,
-8.71416965211426,41.3155606499759,386578558,yes,,,,,,,,,,,,,,,,,,,,,,,,,,,,,,,,,,,,,,,,,
-8.70451688883728,41.309096503132,318483110,industrial,,,,,,,,,,,,,,,,,,,,,,,,,,,,,,,,,,,,,,,,,
-8.70258205941605,41.3086733301028,318482562,industrial,,,,,,,,,,,,,,,,,,,,,,,,,,,,,,,,,,,,,,,,,
-8.7040001545001,41.309343532619,318483108,industrial,,,,,,,,,,,,,,,,,,,,,,,,,,,,,,,,,,,,,,,,,
-8.70330253613991,41.3095921040665,318483109,industrial,,,,,,,,,,,,,,,,,,,,,,,,,,,,,,,,,,,,,,,,,
-8.70267328821981,41.3096303971563,318483105,industrial,,,,,,,,,,,,,,,,,,,,,,,,,,,,,,,,,,,,,,,,,
-8.70176170995524,41.3088065050754,318482551,industrial,,,,,,,,,,,,,,,,,,,,,,,,,,,,,,,,,,,,,,,,,
-8.70207080491774,41.3098107453477,318483107,industrial,,,,,,,,,,,,,,,,,,,,,,,,,,,,,,,,,,,,,,,,,
-8.7037499929707,41.311027879765,318483648,industrial,,,,,,,,,,,,,,,,,,,,,,,,,,,,,,,,,,,,,,,,,
-8.702770488785,41.3110717541471,318483651,industrial,,,,,,,,,,,,,,,,,,,,,,,,,,,,,,,,,,,,,,,,,
-8.70245289484753,41.3116720725392,318483650,industrial,,,,,,,,,,,,,,,,,,,,,,,,,,,,,,,,,,,,,,,,,
-8.7014517085891,41.3118234717575,318483649,industrial,,,,,,,,,,,,,,,,,,,,,,,,,,,,,,,,,,,,,,,,,
-8.71309715,41.31991685,386440230,roof,,car_wash,,,1,,,,,,,,,,,,,,,,,,,,,,,,,,,,,,,,,,,,
-8.71257632981712,41.3198808497461,250345010,commercial,,,,Evasion Kiosk,,,,,,,,,,,,,,,,,,,,,,,,,,,,,,,,,,,,,
-8.71270326121614,41.3199896002979,386440229,yes,,,,,,,,,,,,,,,,,,,,,,,,,,,,,,,,,,,,,,,,,
-8.71280116648594,41.3201012517932,386440212,roof,,,,,1,,,,,,,,,,,,,,,,,,,,,,,,,,,,,,,,,,,,
-8.71339775073008,41.3203999920198,250346988,commercial,,,,,,,,,,,,,,,,,,,,,,,,,,,,,,,,,,,,,,,,,
-8.71220448489947,41.3223117999802,350968824,yes,,,,,,,,,,,,,,,,,,,,,,,,,,,,,,,,,,,,,,,,,
-8.71725132952675,41.3236885499663,271093651,industrial,,,,Nanium,,,,,,,,,,,,,,,,,,,,,,,,,,,,,,,,,,,,,
-8.71387646891544,41.3230730998405,386440250,yes,,,,,,,,,,,,,,,,,,,,,,,,,,,,,,,,,,,,,,,,,
-8.71280508329318,41.3234798500059,386440241,yes,,,,,,,,,,,,,,,,,,,,,,,,,,,,,,,,,,,,,,,,,
-8.71362585114451,41.323879599999,386440256,yes,,,,,,,,,,,,,,,,,,,,,,,,,,,,,,,,,,,,,,,,,
-8.712543,41.3243078,386440227,yes,,,,,,,,,,,,,,,,,,,,,,,,,,,,,,,,,,,,,,,,,
-8.71883249693671,41.3259706513353,271093650,yes,,,,DB Schenker,,,,,,,,company,,,,,,,,,,,,,,,Rua de Beche,,,,,,,,,,,,,,
-8.7174988,41.32611355,436206980,warehouse,,,,,,,,,,,,,,,,,,,,,,,,,,,,,,,,,,,,,,,,,
-8.7123368,41.32530075,288658059,yes,,,,,,,,,,,,,,,,,,,,,,,,,,,,,,,,,,,,,,,,boatbuilder,
-8.71264226021817,41.3256445999836,288657878,commercial,,,,,,,,,,,,,,,,,,,,,,,,,,,,,,,,,,,,,,,,,
-8.7117651,41.32008965,386440220,yes,,,,,,,,,,,,,,,,,,,,,,,,,hipped,along,,,roof_tiles,,,,,,,,,,,,
-8.71130100229454,41.3240469999983,386440248,yes,,,,,,,,,,,,,,,,,,,,,,,,,,,,,,,,,,,,,,,,,
-8.7120425,41.32472915,386440247,yes,,,,,,,,,,,,,,,,,,,,,,,,,,,,,,,,,,,,,,,,,
-8.70540311899265,41.3203867500803,386578549,roof,,,,,1,,,,,,,,,,,,,,,,,,,,,,,,,,,,,,,,,,,,
-8.70499526228507,41.3199338087526,386578556,yes,,,,,,,,,,,,,,,,,,,,,,,,,,,,,,,,,,,,,,,,,
-8.70440637479903,41.3200915046631,266448488,industrial,,,,,,,,,,,,,,,,,,,,,,,,,,,,,,,,,,,,,,,,,
-8.70083247264242,41.3089031155174,318482559,industrial,,,,,,,,,,,,,,,,,,,,,,,,,,,,,,,,,,,,,,,,,
-8.69859950299497,41.3086613983459,318482558,industrial,,,,"Ach Brito & CA., S.A.",,,,,,,,,,,,,,,,,,,,,,,,,,,,,,,,,,,,,
-8.69469966337944,41.3184040484505,445024621,house,,,,,,,,,,,,,,,,,,,,,,,,,,,,,,,,,,,,,,,,,
-8.69451810734693,41.3185382020008,445024622,house,,,,,,,,,,,,,,,,,,,,,,,,,,,,,,,,,,,,,,,,,
-8.6943458910143,41.3185902712091,445024625,house,,,,,,,,,,,,,,,,,,,,,,,,,,,,,,,,,,,,,,,,,
-8.69401798687024,41.3186795789824,445024626,house,,,,,,,,,,,,,,,,,,,,,,,,,,,,,,,,,,,,,,,,,
-8.69481558151645,41.3197526156649,445024628,house,,,,,,,,,,,,,,,,,,,,,,,,,,,,,,,,,,,,,,,,,
-8.69525625867527,41.3236197885974,266451350,school,,,,,,,,,,,,,,,,,,,,,,,,,,,,,,,,,,,,,,,,,
-8.69551228462229,41.3240077842237,256370758,yes,,,,,,,,,,,,,,,,,,,,,,,,,,,,,,,,,,,,,,,,,
-8.69517561807947,41.3240130144241,256370787,yes,,,,,,,,,,,,,,,,,,,,,,,,,,,,,,,,,,,,,,,,,
-8.65377636687721,41.3144618455133,353078545,industrial,,,,Nelo,,,,,,,,,,,,,,,,,,,,,,,,,,,,,,,,,,,,,Nelo Kayak
