X,Y,osm_id,landuse,sport,leisure,power,building,amenity,religion,denomination,name,access,surface,area,highway,natural,public_transport,railway,operator,ref,man_made,addr:housenumber,barrier,substation,hgv,bus,parking,station,wikidata,network,light_rail,voltage,location,leaf_cycle,leaf_type,material,height,building:colour,addr:city,roof:colour,roof:shape,roof:orientation,addr:street,short_name,addr:postcode,crop,emergency,industrial,produce,lit,frequency,fence_type,swimming_pool
-8.71721263519883,41.2786918336156,753290472,residential,,,,,,,,,,,,,,,,,,,,,,,,,,,,,,,,,,,,,,,,,,,,,,,,,,
-8.7162529893418,41.2785514373595,753290473,residential,,,,,,,,,,,,,,,,,,,,,,,,,,,,,,,,,,,,,,,,,,,,,,,,,,
-8.71272569517926,41.2784673569684,753290476,residential,,,,,,,,,,,,,,,,,,,,,,,,,,,,,,,,,,,,,,,,,,,,,,,,,,
-8.71336506327064,41.2793600715932,753290474,residential,,,,,,,,,,,,,,,,,,,,,,,,,,,,,,,,,,,,,,,,,,,,,,,,,,
-8.71275850389069,41.2792495745403,753290475,residential,,,,,,,,,,,,,,,,,,,,,,,,,,,,,,,,,,,,,,,,,,,,,,,,,,
-8.71447204461021,41.2800616550816,434925527,,soccer,pitch,,,,,,,,,,,,,,,,,,,,,,,,,,,,,,,,,,,,,,,,,,,,,,,,
-8.71324282410109,41.2832785103563,434925526,forest,,,,,,,,,,,,,,,,,,,,,,,,,,,,,,,,,,,,,,,,,,,,,,,,,,
-8.71763231791945,41.2855675789272,350968870,forest,,,,,,,,,,,,,,,,,,,,,,,,,,,,,,,,,,,,,,,,,,,,,,,,,,
-8.7133357136302,41.2850646562494,434925525,forest,,,,,,,,,,,,,,,,,,,,,,,,,,,,,,,,,,,,,,,,,,,,,,,,,,
-8.70710242839392,41.2778067819139,690908190,,,,substation,transformer_tower,,,,,,,,,,,,,,,,,minor_distribution,,,,,,,,,,,,,,,,,,,,,,,,,,,,,
-8.70359383271041,41.2772903578696,132733525,cemetery,,,,,,,,,,,,,,,,,,,,,,,,,,,,,,,,,,,,,,,,,,,,,,,,,,
-8.70348822596238,41.2777980284334,686427886,,,,,church,place_of_worship,christian,catholic,Igreja São Tiago de Labruge,,,,,,,,,,,,,,,,,,,,,,,,,,,,,,,,,,,,,,,,,,
-8.7154407989381,41.2895535230003,350968910,forest,,,,,,,,,,,,,,,,,,,,,,,,,,,,,,,,,,,,,,,,,,,,,,,,,,
-8.70796296986805,41.2866880083979,410642763,forest,,,,,,,,,,,,,,,,,,,,,,,,,,,,,,,,,,,,,,,,,,,,,,,,,,
-8.70602979615922,41.2882529980087,410642761,farmland,,,,,,,,,,,,,,,,,,,,,,,,,,,,,,,,,,,,,,,,,,,,,,,,,,
-8.70463254316393,41.2886540498899,288722025,,,playground,,,,,,,,,,,,,,,,,,,,,,,,,,,,,,,,,,,,,,,,,,,,,,,,
-8.70459916916696,41.2880728630136,735328378,,,,,,parking,,,,no,asphalt,,,,,,,,,,,,yes,yes,surface,,,,,,,,,,,,,,,,,,,,,,,,,,
-8.70411733313395,41.2885166727963,735328379,,,,,,parking,,,,,asphalt,,,,,,,,,,,,,,surface,,,,,,,,,,,,,,,,,,,,,,,,,,
-8.70280521902901,41.2890068,288722015,,,,,,,,,Área de Serviço Vila do Conde,,,yes,services,,,,,,,,,,,,,,,,,,,,,,,,,,,,,,,,,,,,,,
-8.70342666228921,41.2892815535139,735343669,,,,,,parking,,,,,asphalt,,,,,,,,,,,,,,surface,,,,,,,,,,,,,,,,,,,,,,,,,,
-8.70288263845058,41.2890927998265,288722020,,,playground,,,,,,,,,,,,,,,,,,,,,,,,,,,,,,,,,,,,,,,,,,,,,,,,
-8.70352997883073,41.2899335574674,735343666,,,,,,parking,,,,no,asphalt,,,,,,,,,,,,yes,yes,surface,,,,,,,,,,,,,,,,,,,,,,,,,,
-8.70900839918628,41.2934470844297,428981047,forest,,,,,,,,,,,,,,,,,,,,,,,,,,,,,,,,,,,,,,,,,,,,,,,,,,
-8.70682724006903,41.2969863104194,409050124,grass,,,,,,,,,,,,,,,,,,,,,,,,,,,,,,,,,,,,,,,,,,,,,,,,,,
-8.70568681523559,41.2941425439174,436239753,,,,,,,,,,,,,,grassland,,,,,,,,,,,,,,,,,,,,,,,,,,,,,,,,,,,,,
-8.70398789313974,41.2946629078726,350968876,forest,,,,,,,,,,,,,,,,,,,,,,,,,,,,,,,,,,,,,,,,,,,,,,,,,,
-8.70644235419658,41.2971965450496,409050129,grass,,,,,,,,,,,,,,,,,,,,,,,,,,,,,,,,,,,,,,,,,,,,,,,,,,
-8.70150918101394,41.2954231306837,456653373,residential,,,,,,,,,,,,,,,,,,,,,,,,,,,,,,,,,,,,,,,,,,,,,,,,,,
-8.71747818404003,41.3000296379552,350968841,forest,,,,,,,,,,,,,,,,,,,,,,,,,,,,,,,,,,,,,,,,,,,,,,,,,,
-8.7152920200275,41.3012887531084,434926483,farmland,,,,,,,,,,,,,,,,,,,,,,,,,,,,,,,,,,,,,,,,,,,,,,,,,,
-8.71622801766161,41.3031268174511,434926482,farmland,,,,,,,,,,,,,,,,,,,,,,,,,,,,,,,,,,,,,,,,,,,,,,,,,,
-8.71318849418066,41.3018410781226,434926484,farmland,,,,,,,,,,,,,,,,,,,,,,,,,,,,,,,,,,,,,,,,,,,,,,,,,,
-8.71233960096754,41.3029625733645,434926487,farmland,,,,,,,,,,,,,,,,,,,,,,,,,,,,,,,,,,,,,,,,,,,,,,,,,,
-8.7200412512146,41.3053980110956,350968916,forest,,,,,,,,,,,,,,,,,,,,,,,,,,,,,,,,,,,,,,,,,,,,,,,,,,
-8.71790564030863,41.3067283166902,426315035,farmland,,,,,,,,,,,,,,,,,,,,,,,,,,,,,,,,,,,,,,,,,,,,,,,,,,
-8.71804927852416,41.3085001175776,426315033,,,park,,,,,,,,,,,,,,,,,,,,,,,,,,,,,,,,,,,,,,,,,,,,,,,,
-8.7146524685633,41.3074054230324,428981048,forest,,,,,,,,,,,,,,,,,,,,,,,,,,,,,,,,,,,,,,,,,,,,,,,,,,
-8.71115912812579,41.2981235725483,434926476,forest,,,,,,,,,,,,,,,,,,,,,,,,,,,,,,,,,,,,,,,,,,,,,,,,,,
-8.7102849958551,41.2996701735124,434926481,farmland,,,,,,,,,,,,,,,,,,,,,,,,,,,,,,,,,,,,,,,,,,,,,,,,,,
-8.71002518823962,41.3002739106018,409053336,,,,,,parking,,,,,,,,,,,,,,,,,,,,,,,,,,,,,,,,,,,,,,,,,,,,,
-8.70889029390286,41.2989515956311,409050123,grass,,,,,,,,,,,,,,,,,,,,,,,,,,,,,,,,,,,,,,,,,,,,,,,,,,
-8.7080525607979,41.2985477270176,409046714,,,,,,parking,,,,,,,,,,,,,,,,,,,,,,,,,,,,,,,,,,,,,,,,,,,,,
-8.70738657886664,41.2976030013527,409046715,,,,,,parking,,,,,,,,,,,,,,,,,,,,,,,,,,,,,,,,,,,,,,,,,,,,,
-8.70667851162991,41.2977286600684,409050781,grass,,,,,,,,,,,,,,,,,,,,,,,,,,,,,,,,,,,,,,,,,,,,,,,,,,
-8.70731515288077,41.2979725226291,409050782,grass,,,,,,,,,,,,,,,,,,,,,,,,,,,,,,,,,,,,,,,,,,,,,,,,,,
-8.70673449669664,41.2981483290692,409050780,,,,,,parking,,,,,,,,,,,,,,,,,,,,,,,,,,,,,,,,,,,,,,,,,,,,,
-8.70784817320467,41.2986808632329,409046732,grass,,,,,,,,,,,,,,,,,,,,,,,,,,,,,,,,,,,,,,,,,,,,,,,,,,
-8.7074211670427,41.2987287014225,409046719,,,,,,parking,,,,,,,,,,,,,,,,,,,,,,,,,,,,,,,,,,,,,,,,,,,,,
-8.70934948272145,41.2996075968863,409053334,,,,,,parking,,,,,,,,,,,,,,,,,,,,,,,,,,,,,,,,,,,,,,,,,,,,,
-8.70900955030458,41.2996246437408,409053347,grass,,,,,,,,,,,,,,,,,,,,,,,,,,,,,,,,,,,,,,,,,,,,,,,,,,
-8.70856578096819,41.2992074719448,409046720,,,,,,parking,,,,,,,,,,,,,,,,,,,,,,,,,,,,,,,,,,,,,,,,,,,,,
-8.7081837137179,41.2990365766797,409046716,grass,,,,,,,,,,,,,,,,,,,,,,,,,,,,,,,,,,,,,,,,,,,,,,,,,,
-8.70789513029467,41.2990826946424,409046717,grass,,,,,,,,,,,,,,,,,,,,,,,,,,,,,,,,,,,,,,,,,,,,,,,,,,
-8.70760794165523,41.299125277949,409046718,grass,,,,,,,,,,,,,,,,,,,,,,,,,,,,,,,,,,,,,,,,,,,,,,,,,,
-8.70734781284562,41.2993414301061,409046713,,,,,,parking,,,,,,,,,,,,,,,,,,,,,,,,,,,,,,,,,,,,,,,,,,,,,
-8.70730394626386,41.2999417608426,409046733,grass,,,,,,,,,,,,,,,,,,,,,,,,,,,,,,,,,,,,,,,,,,,,,,,,,,
-8.70730970268389,41.3003215462329,409046743,grass,,,,,,,,,,,,,,,,,,,,,,,,,,,,,,,,,,,,,,,,,,,,,,,,,,
-8.70669204259318,41.3002530503809,557947224,grass,,,,,,,,,,,,,,,,,,,,,,,,,,,,,,,,,,,,,,,,,,,,,,,,,,
-8.70968257156361,41.3015492350376,350968817,,,,,,parking,,,,,,,,,,,,,,,,,,,,,,,,,,,,,,,,,,,,,,,,,,,,,
-8.70903706755904,41.3010343090237,409049367,grass,,,,,,,,,,,,,,,,,,,,,,,,,,,,,,,,,,,,,,,,,,,,,,,,,,
-8.70899123190732,41.3007409826048,409050120,meadow,,,,,,,,,,,,,,,,,,,,,,,,,,,,,,,,,,,,,,,,,,,,,,,,,,
-8.70862457161814,41.300860551143,409048965,meadow,,,,,,,,,,,,,,,,,,,,,,,,,,,,,,,,,,,,,,,,,,,,,,,,,,
-8.70865714326291,41.3011931811254,409049365,grass,,,,,,,,,,,,,,,,,,,,,,,,,,,,,,,,,,,,,,,,,,,,,,,,,,
-8.70840678567314,41.3014531706584,557940572,grass,,,,,,,,,,,,,,,,,,,,,,,,,,,,,,,,,,,,,,,,,,,,,,,,,,
-8.70790859275924,41.3004454432517,409049364,grass,,,,,,,,,,,,,,,,,,,,,,,,,,,,,,,,,,,,,,,,,,,,,,,,,,
-8.70754528962265,41.3006168044812,409046742,grass,,,,,,,,,,,,,,,,,,,,,,,,,,,,,,,,,,,,,,,,,,,,,,,,,,
-8.70785604711959,41.3009987957744,409046721,grass,,,,,,,,,,,,,,,,,,,,,,,,,,,,,,,,,,,,,,,,,,,,,,,,,,
-8.70809088228146,41.3013564517773,409046722,grass,,,,,,,,,,,,,,,,,,,,,,,,,,,,,,,,,,,,,,,,,,,,,,,,,,
-8.70769732303889,41.301624846788,409046723,grass,,,,,,,,,,,,,,,,,,,,,,,,,,,,,,,,,,,,,,,,,,,,,,,,,,
-8.70712902686967,41.3018723095409,409047741,grass,,,,,,,,,,,,,,,,,,,,,,,,,,,,,,,,,,,,,,,,,,,,,,,,,,
-8.70708900617142,41.3018524501249,409047740,,,,,,parking,,,,,,,,,,,,,,,,,,,,,,,,,,,,,,,,,,,,,,,,,,,,,
-8.70746309957963,41.3024586500006,350968805,,,,,,parking,,,,,,,,,,,,,,,,,,,,,,,,,,,,,,,,,,,,,,,,,,,,,
-8.70616756936408,41.297680097885,409050779,,,,,,parking,,,,,,,,,,,,,,,,,,,,,,,,,,,,,,,,,,,,,,,,,,,,,
-8.70543368168776,41.2980981345207,409052973,,,,,,parking,,,,,,,,,,,,,,,,,,,,,,,,,,,,,,,,,,,,,,,,,,,,,
-8.70639387041931,41.2984846235981,409050787,grass,,,,,,,,,,,,,,,,,,,,,,,,,,,,,,,,,,,,,,,,,,,,,,,,,,
-8.70656491280603,41.298911273108,409046725,grass,,,,,,,,,,,,,,,,,,,,,,,,,,,,,,,,,,,,,,,,,,,,,,,,,,
-8.70536895333296,41.2986156890807,409052972,,,,,,parking,,,,,,,,,,,,,,,,,,,,,,,,,,,,,,,,,,,,,,,,,,,,,
-8.70485975500879,41.2984972973871,686325060,grass,,,,,,,,,,,,,,,,,,,,,,,,,,,,,,,,,,,,,,,,,,,,,,,,,,
-8.70583584697378,41.2990255851946,409046712,,,,,,parking,,,,,,,,,,,,,,,,,,,,,,,,,,,,,,,,,,,,,,,,,,,,,
-8.70642329766373,41.29941436287,409046711,,,,,,parking,,,,,,,,,,,,,,,,,,,,,,,,,,,,,,,,,,,,,,,,,,,,,
-8.70523321831192,41.2995124847054,409052979,grass,,,,,,,,,,,,,,,,,,,,,,,,,,,,,,,,,,,,,,,,,,,,,,,,,,
-8.70432394785541,41.299125994779,409052974,,,,,,parking,,,,,,,,,,,,,,,,,,,,,,,,,,,,,,,,,,,,,,,,,,,,,
-8.70437366779548,41.2994554918043,409052980,,,,,,parking,,,,,,,,,,,,,,,,,,,,,,,,,,,,,,,,,,,,,,,,,,,,,
-8.70481717282918,41.2996761955085,409048572,,,garden,,,,,,,,,,,,,,,,,,,,,,,,,,,,,,,,,,,,,,,,,,,,,,,,
-8.70417597039911,41.3003461499326,409052985,,,,,,parking,,,,,,,,,,,,,,,,,,,,,,,,,,,,,,,,,,,,,,,,,,,,,
-8.70624817130638,41.3004486537318,557947226,grass,,,,,,,,,,,,,,,,,,,,,,,,,,,,,,,,,,,,,,,,,,,,,,,,,,
-8.70490224519208,41.3015735580463,686325059,grass,,,,,,,,,,,,,,,,,,,,,,,,,,,,,,,,,,,,,,,,,,,,,,,,,,
-8.70397787782279,41.3004721426901,686325065,,,,,no,,,,VC Fashion Outlet / Modivas,,,,,,station,station,,,,,,,,,,light_rail,Q48863046,Metro do Porto,yes,,,,,,,,,,,,,,,,,,,,,,
-8.70169915408783,41.3015823844051,436239762,grass,,,,,,,,,,,,,,,,,,,,,,,,,,,,,,,,,,,,,,,,,,,,,,,,,,
-8.7032778942917,41.3016964051606,350968855,forest,,,,,,,,,,,,,,,,,,,,,,,,,,,,,,,,,,,,,,,,,,,,,,,,,,
-8.7102180390357,41.3034639565591,434926488,farmland,,,,,,,,,,,,,,,,,,,,,,,,,,,,,,,,,,,,,,,,,,,,,,,,,,
-8.71196128118419,41.303697490595,350968914,forest,,,,,,,,,,,,,,,,,,,,,,,,,,,,,,,,,,,,,,,,,,,,,,,,,,
-8.70815672688527,41.3034475468242,747916402,,,,substation,,,,,Subestação do Mindelo,,,,,,,,EDP,1316S5022100,,,,distribution,,,,,,,,"15000;60000",outdoor,,,,,,,,,,,,,,,,,,,,
-8.7066676898207,41.3049597774497,386578565,forest,,,,,,,,,,,,,,,,,,,,,,,,,,,,,,,,,,,,,,,,,,,,,,,,,,
-8.70229063123203,41.3048281399466,409053938,,,garden,,,,,,,,,,,,,,,,,,,,,,,,,,,,,,,,,,,,,,,,,,,,,,,,
-8.70415827700156,41.3058024604975,350968864,forest,,,,,,,,,,,,,,,,,,,,,,,,,,,,,,,,,,,,,,,,,,,,,,,,,,
-8.70429489194485,41.307571233842,350968813,,,,,,parking,,,,,,,,,,,,,,,,,,,,,,,,,,,,,,,,,,,,,,,,,,,,,
-8.70407438937375,41.3082287690189,712991895,,,,,,parking,,,,private,,,,,,,,,,,,,,,,,,,,,,,,,,,,,,,,,,,,,,,,,
-8.70359591129286,41.3074630096644,350968820,,,,,,parking,,,,private,,,,,,,,,,,,,,,,,,,,,,,,,,,,,,,,,,,,,,,,,
-8.70134445900371,41.3080312916512,318481743,industrial,,,,,,,,,,,,,,,,,,,,,,,,,,,,,,,,,,,,,,,,,,,,,,,,,,
-8.69822911070984,41.2806205333448,350968940,forest,,,,,,,,,,,,,,,,,,,,,,,,,,,,,,,,,,,,,,,,,,,,,,,,,,
-8.68992471579981,41.2783089293911,350968919,forest,,,,,,,,,,,,,,,,,,,,,,,,,,,,,,,,,,,,,,,,,,,,,,,,,,
-8.69839666435658,41.285784419308,350968872,forest,,,,,,,,,,,,,,,,,,,,,,,,,,,,,,,,,,,,,,,,,,,,,,,,,,
-8.69693747482816,41.2838872558262,434925524,forest,,,,,,,,,,,,,,,,,,,,,,,,,,,,,,,,,,,,,,,,,,,,,,,,,,
-8.69573938562728,41.2845557202032,434925523,forest,,,,,,,,,,,,,,,,,,,,,,,,,,,,,,,,,,,,,,,,,,,,,,,,,,
-8.69430885935965,41.2832220238437,434925522,forest,,,,,,,,,,,,,,,,,,,,,,,,,,,,,,,,,,,,,,,,,,,,,,,,,,
-8.69399931903591,41.2850498000432,133533418,,,,,,parking,,,,,,,,,,,,,,,,,,,,,,,,,,,,,,,,,,,,,,,,,,,,,
-8.69356534538253,41.2852294984191,686325086,,,,,no,,,,Modivas Sul,,,,,,station,station,,,,,,,,,,light_rail,Q10275989,Metro do Porto,yes,,,,,,,,,,,,,,,,,,,,,,
-8.68398587677373,41.2773640392221,350968907,forest,,,,,,,,,,,,,,,,,,,,,,,,,,,,,,,,,,,,,,,,,,,,,,,,,,
-8.68619375130137,41.283398309843,435841776,forest,,,,,,,,,,,,,,,,,,,,,,,,,,,,,,,,,,,,,,,,,,,,,,,,,,
-8.68938369385927,41.2842181809348,428981044,forest,,,,,,,,,,,,,,,,,,,,,,,,,,,,,,,,,,,,,,,,,,,,,,,,,,
-8.68147994789464,41.281686299567,428981043,forest,,,,,,,,,,,,,,,,,,,,,,,,,,,,,,,,,,,,,,,,,,,,,,,,,,
-8.68149984242779,41.284011860993,435841775,forest,,,,,,,,,,,,,,,,,,,,,,,,,,,,,,,,,,,,,,,,,,,,,,,,,,
-8.67932362743953,41.2847728288673,350968854,forest,,,,,,,,,,,,,,,,,,,,,,,,,,,,,,,,,,,,,,,,,,,,,,,,,,
-8.67698684241725,41.2772726735574,408827835,allotments,,,,,,,,,,,,,,,,,,,,,,,,,,,,,,,,,,,,,,,,,,,,,,,,,,
-8.67711160036103,41.2778431098,408827836,farmland,,,,,,,,,,,,,,,,,,,,,,,,,,,,,,,,,,,,,,,,,,,,,,,,,,
-8.67409024615452,41.2765585054689,333030196,farmland,,,,,,,,,,,,,,,,,,,,,,,,,,,,,,,,,,,,,,,,,,,,,,,,,,
-8.67485648561615,41.2772749278724,407491238,allotments,,,,,,,,,,,,,,,,,,,,,,,,,,,,,,,,,,,,,,,,,,,,,,,,,,
-8.6746942580525,41.2774248683302,407491239,allotments,,,,,,,,,,,,,,,,,,,,,,,,,,,,,,,,,,,,,,,,,,,,,,,,,,
-8.67409006579931,41.277662942277,407491232,allotments,,,,,,,,,,,,,,,,,,,,,,,,,,,,,,,,,,,,,,,,,,,,,,,,,,
-8.67444820728174,41.2778423998032,407491236,allotments,,,,,,,,,,,,,,,,,,,,,,,,,,,,,,,,,,,,,,,,,,,,,,,,,,
-8.67446802631528,41.2779490500921,407491235,farmland,,,,,,,,,,,,,,,,,,,,,,,,,,,,,,,,,,,,,,,,,,,,,,,,,,
-8.67445576079668,41.2781471501439,407491234,allotments,,,,,,,,,,,,,,,,,,,,,,,,,,,,,,,,,,,,,,,,,,,,,,,,,,
-8.6737560882533,41.2779085403148,407491233,allotments,,,,,,,,,,,,,,,,,,,,,,,,,,,,,,,,,,,,,,,,,,,,,,,,,,
-8.67635401192575,41.2802015775078,438539422,farmland,,,,,,,,,,,,,,,,,,,,,,,,,,,,,,,,,,,,,,,,,,,,,,,,,,
-8.67663507263047,41.2804277865485,438539423,farmland,,,,,,,,,,,,,,,,,,,,,,,,,,,,,,,,,,,,,,,,,,,,,,,,,,
-8.67797613375802,41.2805486587661,438539426,meadow,,,,,,,,,,,,,,,,,,,,,,,,,,,,,,,,,,,,,,,,,,,,,,,,,,
-8.67722147515834,41.2806350698773,438539424,farmland,,,,,,,,,,,,,,,,,,,,,,,,,,,,,,,,,,,,,,,,,,,,,,,,,,
-8.67568954020036,41.2785462831238,438539421,farmland,,,,,,,,,,,,,,,,,,,,,,,,,,,,,,,,,,,,,,,,,,,,,,,,,,
-8.6752230173077,41.2784312691597,438539420,farmland,,,,,,,,,,,,,,,,,,,,,,,,,,,,,,,,,,,,,,,,,,,,,,,,,,
-8.67528127879715,41.2789501588923,438539419,farmland,,,,,,,,,,,,,,,,,,,,,,,,,,,,,,,,,,,,,,,,,,,,,,,,,,
-8.67470898067338,41.2789722630787,438539418,meadow,,,,,,,,,,,,,,,,,,,,,,,,,,,,,,,,,,,,,,,,,,,,,,,,,,
-8.67429452178565,41.2785323203392,332275587,meadow,,,,,,,,,,,,,,,,,,,,,,,,,,,,,,,,,,,,,,,,,,,,,,,,,,
-8.67419068290969,41.2789704602359,332275627,meadow,,,,,,,,,,,,,,,,,,,,,,,,,,,,,,,,,,,,,,,,,,,,,,,,,,
-8.67549285717261,41.2807125998999,407214335,,,,,,parking,,,,,,,,,,,,,,,,,,,,,,,,,,,,,,,,,,,,,,,,,,,,,
-8.6754110603224,41.2806108497059,407214336,,,,,,parking,,,,,,,,,,,,,,,,,,,,,,,,,,,,,,,,,,,,,,,,,,,,,
-8.67437370463597,41.2800337486712,333030158,farmland,,,,,,,,,,,,,,,,,,,,,,,,,,,,,,,,,,,,,,,,,,,,,,,,,,
-8.67478647530276,41.2807408558641,407214338,,,,,,parking,,,,,,,,,,,,,,,,,,,,,,,,,,,,,,,,,,,,,,,,,,,,,
-8.67459715809728,41.2810683215454,331239813,industrial,,,,,,,,Zona Industrial de Mosteiro,,,,,,,,,,,,,,,,,,,,,,,,,,,,,,,,,,,,,,,,,,
-8.67262630307468,41.2767050704844,333030203,allotments,,,,,,,,,,,,,,,,,,,,,,,,,,,,,,,,,,,,,,,,,,,,,,,,,,
-8.67315296515199,41.2782985626793,405891908,allotments,,,,,,,,,,,,,,,,,,,,,,,,,,,,,,,,,,,,,,,,,,,,,,,,,,
-8.6717638552457,41.2773738557803,408826352,allotments,,,,,,,,,,,,,,,,,,,,,,,,,,,,,,,,,,,,,,,,,,,,,,,,,,
-8.67135176054596,41.2775673157516,408826349,farmland,,,,,,,,,,,,,,,,,,,,,,,,,,,,,,,,,,,,,,,,,,,,,,,,,,
-8.67099373636445,41.277570091807,407491246,allotments,,,,,,,,,,,,,,,,,,,,,,,,,,,,,,,,,,,,,,,,,,,,,,,,,,
-8.67099808319459,41.2777055857326,407491245,allotments,,,,,,,,,,,,,,,,,,,,,,,,,,,,,,,,,,,,,,,,,,,,,,,,,,
-8.67226788167186,41.2780239604961,406778591,allotments,,,,,,,,,,,,,,,,,,,,,,,,,,,,,,,,,,,,,,,,,,,,,,,,,,
-8.67149775039054,41.2777390554454,407491243,allotments,,,,,,,,,,,,,,,,,,,,,,,,,,,,,,,,,,,,,,,,,,,,,,,,,,
-8.67133173788925,41.2783738985908,405892455,,,garden,,,,,,,,,,,,,,,,,,,,,,,,,,,,,,,,,,,,,,,,,,,,,,,,
-8.67095152411332,41.2784211647586,331241831,allotments,,,,,,,,,,,,,,,,,,,,,,,,,,,,,,,,,,,,,,,,,,,,,,,,,,
-8.66825348535133,41.276904293277,407216933,farmland,,,,,,,,,,,,,,,,,,,,,,,,,,,,,,,,,,,,,,,,,,,,,,,,,,
-8.67073169013592,41.2774641650339,407209975,allotments,,,,,,,,,,,,,,,,,,,,,,,,,,,,,,,,,,,,,,,,,,,,,,,,,,
-8.67087575465434,41.2778501469244,407209980,allotments,,,,,,,,,,,,,,,,,,,,,,,,,,,,,,,,,,,,,,,,,,,,,,,,,,
-8.67066271792849,41.2777660664633,407491247,allotments,,,,,,,,,,,,,,,,,,,,,,,,,,,,,,,,,,,,,,,,,,,,,,,,,,
-8.67081953756139,41.2779805039718,407209978,allotments,,,,,,,,,,,,,,,,,,,,,,,,,,,,,,,,,,,,,,,,,,,,,,,,,,
-8.67089182367939,41.2781662039393,407209979,allotments,,,,,,,,,,,,,,,,,,,,,,,,,,,,,,,,,,,,,,,,,,,,,,,,,,
-8.67356408264623,41.2788704906893,332275611,allotments,,,,,,,,,,,,,,,,,,,,,,,,,,,,,,,,,,,,,,,,,,,,,,,,,,
-8.67285776678347,41.2783484904037,405891914,allotments,,,,,,,,,,,,,,,,,,,,,,,,,,,,,,,,,,,,,,,,,,,,,,,,,,
-8.6725710057995,41.2784268125419,406778592,farmland,,,,,,,,,,,,,,,,,,,,,,,,,,,,,,,,,,,,,,,,,,,,,,,,,,
-8.67277194097766,41.2788912926689,405891919,allotments,,,,,,,,,,,,,,,,,,,,,,,,,,,,,,,,,,,,,,,,,,,,,,,,,,
-8.67238720191187,41.2788680385223,331241750,allotments,,,,,,,,,,,,,,,,,,,,,,,,,,,,,,,,,,,,,,,,,,,,,,,,,,
-8.67305786769366,41.2793692425603,405891921,allotments,,,,,,,,,,,,,,,,,,,,,,,,,,,,,,,,,,,,,,,,,,,,,,,,,,
-8.67290515497882,41.279158342878,405891920,allotments,,,,,,,,,,,,,,,,,,,,,,,,,,,,,,,,,,,,,,,,,,,,,,,,,,
-8.67253849292265,41.2792943132543,331241685,allotments,,,,,,,,,,,,,,,,,,,,,,,,,,,,,,,,,,,,,,,,,,,,,,,,,,
-8.6727698938886,41.2794638999673,332275424,allotments,,,,,,,,,,,,,,,,,,,,,,,,,,,,,,,,,,,,,,,,,,,,,,,,,,
-8.67211640985198,41.2785614744528,406778593,farmland,,,,,,,,,,,,,,,,,,,,,,,,,,,,,,,,,,,,,,,,,,,,,,,,,,
-8.67112640750276,41.2785826444322,405892454,,,playground,,,,,,,,,,,,,,,,,,,,,,,,,,,,,,,,,,,,,,,,,,,,,,,,
-8.67155732428515,41.2788722571028,258994229,,,garden,,,,,,Largo da Lameira,,,,,,,,,,,,,,,,,,,,,,,mixed,mixed,,,,,,,,,,,,,,,,,,
-8.6722904792205,41.2793467534925,331241726,allotments,,,,,,,,,,,,,,,,,,,,,,,,,,,,,,,,,,,,,,,,,,,,,,,,,,
-8.6710566,41.2793601,331967562,,basketball,pitch,,,,,,,,,,,,,,,,,,,,,,,,,,,,,,,,,,,,,,,,,,,,,,,,
-8.67297860543908,41.2808612610136,332276034,meadow,,,,,,,,,,,,,,,,,,,,,,,,,,,,,,,,,,,,,,,,,,,,,,,,,,
-8.67249089515508,41.2810322092811,332276161,allotments,,,,,,,,,,,,,,,,,,,,,,,,,,,,,,,,,,,,,,,,,,,,,,,,,,
-8.6724052530203,41.2799888196853,386578446,,,garden,,,,,,,,,,,,,,,,,,,,,,,,,,,,,,,,,,,,,,,,,,,,,,,,
-8.67224706467828,41.2801104967561,331241903,,,,,,,,,,,,,,,,,,,works,,,,,,,,,,,,,,,,,,,,,,,,,,,,,,,,
-8.67116319864262,41.2801928520684,332276474,farmland,,,,,,,,,,,,,,,,,,,,,,,,,,,,,,,,,,,,,,,,,,,,,,,,,,
-8.67175804950268,41.280805275727,332275862,allotments,,,,,,,,,,,,,,,,,,,,,,,,,,,,,,,,,,,,,,,,,,,,,,,,,,
-8.67127815108117,41.2810043691909,332275997,meadow,,,,,,,,,,,,,,,,,,,,,,,,,,,,,,,,,,,,,,,,,,,,,,,,,,
-8.67052986115239,41.2793026689023,333029945,,,,,,,,,,,,,,wood,,,,,,,,,,,,,,,,,,,,,,,,,,,,,,,,,,,,,
-8.66904931347421,41.2790367119169,407209947,farmland,,,,,,,,,,,,,,,,,,,,,,,,,,,,,,,,,,,,,,,,,,,,,,,,,,
-8.66974570805771,41.2800195687482,386578563,churchyard,,,,,,christian,catholic,,,,,,,,,,,,,,,,,,,,,,,,,,concrete,0 m,,,,,,,,,,,,,,,,
-8.66925982371496,41.2800518691066,331242198,allotments,,,,,,,,,,,,,,,,,,,,,,,,,,,,,,,,,,,,,,,,,,,,,,,,,,
-8.6695601262906,41.2801911298347,330367625,,,,,church,place_of_worship,christian,roman_catholic,Igreja Paroquial de Mosteiró,,,,,,,,,,,,,,,,,,,,,,,,,,15 m,white,Mosteiró,orange,gabled,along,Padre Ricardo Neto,,,,,,,,,,
-8.66928569014767,41.2803678436491,330893769,cemetery,,,,,,christian,catholic,Cemitério de Mosteiró,,,,,,,,,,,,,,,,,,,,,,,,,,,,,,,,,,,,,,,,,,
-8.66859963760238,41.2801578620904,331242257,allotments,,,,,,,,,,,,,,,,,,,,,,,,,,,,,,,,,,,,,,,,,,,,,,,,,,
-8.6683060037325,41.2803965998972,372468142,allotments,,,,,,,,,,,,,,,,,,,,,,,,,,,,,,,,,,,,,,,,,,,,,,,,,,
-8.66938981677252,41.2806481754995,331242298,allotments,,,,,,,,,,,,,,,,,,,,,,,,,,,,,,,,,,,,,,,,,,,,,,,,,,
-8.66840163296869,41.2806244010302,331242263,residential,,,,,,,,Casa da Viúva,,,,,,,,,,,,,,,,,,,,,,,,,,,,,,,,,,,,,,,,,,
-8.6779280134562,41.2813644341326,438539425,farmland,,,,,,,,,,,,,,,,,,,,,,,,,,,,,,,,,,,,,,,,,,,,,,,,,,
-8.67641529592439,41.2820056700863,428981042,forest,,,,,,,,,,,,,,,,,,,,,,,,,,,,,,,,,,,,,,,,,,,,,,,,,,
-8.67378747403022,41.2815846095581,407214339,,,,,,parking,,,,,,,,,,,,,,,,,,,,,,,,,,,,,,,,,,,,,,,,,,,,,
-8.67446591868214,41.2823137498043,404220037,forest,,,,,,,,,,,,,,,,,,,,,,,,,,,,,,,,,,,,,,,,,,,,,,,,,,
-8.67615801856548,41.2830893617142,428981041,forest,,,,,,,,,,,,,,,,,,,,,,,,,,,,,,,,,,,,,,,,,,,,,,,,,,
-8.67611348080231,41.2858024947714,428981040,forest,,,,,,,,,,,,,,,,,,,,,,,,,,,,,,,,,,,,,,,,,,,,,,,,,,
-8.67158243642262,41.2810802026125,332276007,allotments,,,,,,,,,,,,,,,,,,,,,,,,,,,,,,,,,,,,,,,,,,,,,,,,,,
-8.67304957270365,41.2832434680037,404220036,allotments,,,,,,,,,,,,,,,,,,,,,,,,,,,,,,,,,,,,,,,,,,,,,,,,,,
-8.66974867331189,41.2822362233638,333029742,farmland,,,,,,,,,,,,,,,,,,,,,,,,,,,,,,,,,,,,,,,,,,,,,,,,,,
-8.67198232395079,41.2841740559398,407534114,forest,,,,,,,,,,,,,,,,,,,,,,,,,,,,,,,,,,,,,,,,,,,,,,,,,,
-8.67062245350073,41.2842911315371,407534113,farmland,,,,,,,,,,,,,,,,,,,,,,,,,,,,,,,,,,,,,,,,,,,,,,,,,,
-8.67135133570848,41.2854226185229,407534115,farmland,,,,,,,,,,,,,,,,,,,,,,,,,,,,,,,,,,,,,,,,,,,,,,,,,,
-8.66383269523316,41.2774011570625,438533831,meadow,,,,,,,,,,,,,,,,,,,,,,,,,,,,,,,,,,,,,,,,,,,,,,,,,,
-8.66346982895145,41.277289838094,438533830,meadow,,,,,,,,,,,,,,,,,,,,,,,,,,,,,,,,,,,,,,,,,,,,,,,,,,
-8.66684846799161,41.2790052774876,407216043,farmland,,,,,,,,,,,,,,,,,,,,,,,,,,,,,,,,,,,,,,,,,,,,,,,,,,
-8.66815005804051,41.2803152040631,372468189,allotments,,,,,,,,,,,,,,,,,,,,,,,,,,,,,,,,,,,,,,,,,,,,,,,,,,
-8.66764171495371,41.2801998540178,407491202,allotments,,,,,,,,,,,,,,,,,,,,,,,,,,,,,,,,,,,,,,,,,,,,,,,,,,
-8.66773019348483,41.2806867253756,407493285,allotments,,,,,,,,,,,,,,,,,,,,,,,,,,,,,,,,,,,,,,,,,,,,,,,,,,
-8.66740406737738,41.2804772672663,407491204,allotments,,,,,,,,,,,,,,,,,,,,,,,,,,,,,,,,,,,,,,,,,,,,,,,,,,
-8.66635339178458,41.2809138986965,407216044,farmland,,,,,,,,,,,,,,,,,,,,,,,,,,,,,,,,,,,,,,,,,,,,,,,,,,
-8.66302745469499,41.2786857521621,404223421,farmland,,,,,,,,,,,,,,,,,,,,,,,,,,,,,,,,,,,,,,,,,,,,,,,,,,
-8.6640065647593,41.2797434456914,397618269,allotments,,,,,,,,,,,,,,,,,,,,,,,,,,,,,,,,,,,,,,,,,,,,,,,,,,
-8.66384141651545,41.2797289870404,397618270,allotments,,,,,,,,,,,,,,,,,,,,,,,,,,,,,,,,,,,,,,,,,,,,,,,,,,
-8.66364808749566,41.2796920830774,405891872,allotments,,,,,,,,,,,,,,,,,,,,,,,,,,,,,,,,,,,,,,,,,,,,,,,,,,
-8.6634845507636,41.2796625078678,405891874,allotments,,,,,,,,,,,,,,,,,,,,,,,,,,,,,,,,,,,,,,,,,,,,,,,,,,
-8.66325291089889,41.2797598898513,405891876,allotments,,,,,,,,,,,,,,,,,,,,,,,,,,,,,,,,,,,,,,,,,,,,,,,,,,
-8.66306851847451,41.2797842347217,405891879,allotments,,,,,,,,,,,,,,,,,,,,,,,,,,,,,,,,,,,,,,,,,,,,,,,,,,
-8.66305017373194,41.2794643553,405891881,allotments,,,,,,,,,,,,,,,,,,,,,,,,,,,,,,,,,,,,,,,,,,,,,,,,,,
-8.66442919434533,41.2798257941682,397618273,allotments,,,,,,,,,,,,,,,,,,,,,,,,,,,,,,,,,,,,,,,,,,,,,,,,,,
-8.66427866935344,41.2798476964338,397618274,allotments,,,,,,,,,,,,,,,,,,,,,,,,,,,,,,,,,,,,,,,,,,,,,,,,,,
-8.66421064090206,41.2796588973532,397618271,allotments,,,,,,,,,,,,,,,,,,,,,,,,,,,,,,,,,,,,,,,,,,,,,,,,,,
-8.6644224381516,41.2799738723306,397618272,allotments,,,,,,,,,,,,,,,,,,,,,,,,,,,,,,,,,,,,,,,,,,,,,,,,,,
-8.66473076407615,41.2803054055405,331485728,,,playground,,,,,,,,,,,,,,,,,,,,,,,,,,,,,,,,,,,,,,,,,,,,,,,,
-8.66477043751833,41.2804183024779,331485715,,,,,,,,,,,,,,beach,,,,,,,,,,,,,,,,,,,,,,,,,,,,,,,,,,,,,
-8.66451126020348,41.2803844542579,407077851,allotments,,,,,,,,,,,,,,,,,,,,,,,,,,,,,,,,,,,,,,,,,,,,,,,,,,
-8.66440169840764,41.2801130797452,397618275,allotments,,,,,,,,,,,,,,,,,,,,,,,,,,,,,,,,,,,,,,,,,,,,,,,,,,
-8.66418406645296,41.2804175955608,332105304,,,,,,school,,,,,,,,,,,,,,,,,,,,,,,,,,,,,,,,,,,,,,,,,,,,,
-8.6649171,41.28059065,331485714,,soccer,pitch,,,,,,,,,,,,,,,,,,,,,,,,,,,,,,,,,,,,,,,,,,,,,,,,
-8.66482053287176,41.281059094355,405897681,forest,,,,,,,,,,,,,,,,,,,,,,,,,,,,,,,,,,,,,,,,,,,,,,,,,,
-8.66469706798242,41.280411882187,330891470,,,,,,school,,,Escola Básica do 1º Ciclo e Jardim de Infância de Mosteiró,,,,,,,,,,,1040,,,,,,,,,,,,,,,,,Mosteiró,,,,Rua Central,EB1-JI de Mosteiró,,,,,,,,,
-8.66352499731974,41.2806138115146,332105196,construction,,,,,,,,,,,,,,,,,,,,,,,,,,,,,,,,,,,,,,,,,,,,,,,,,,
-8.66236638785722,41.2758574814073,330924565,,,,,,,,,,,,,,wood,,,,,,,,,,,,,,,,,,,,,,,,,,,,,,,,,,,,,
-8.66256336306074,41.2775237835994,407209993,forest,,,,,,,,,,,,,,,,,,,,,,,,,,,,,,,,,,,,,,,,,,,,,,,,,,
-8.66091079194247,41.278318502848,438533824,meadow,,,,,,,,,,,,,,,,,,,,,,,,,,,,,,,,,,,,,,,,,,,,,,,,,,
-8.66010038346942,41.2778176484585,397618276,farmland,,,,,,,,,,,,,,,,,,,,,,,,,,,,,,,,,,,,,,,,,,,,,,,,,,
-8.65854728004905,41.2758605188223,407537256,farmland,,,,,,,,,,,,,,,,,,,,,,,,,,,,,,,,,,,,,,,,,,,,,,,,,,
-8.65816204553878,41.2779581246261,407300172,farmland,,,,,,,,,,,,,,,,,,,,,,,,,,,,,,,,,,,,,,,,,,,,,,,,,,
-8.657439788609,41.2781774375032,407077841,farmland,,,,,,,,,,,,,,,,,,,,,,,,,,,,,,,,,,,,,,,,,,,,,,,,,,
-8.6621309161264,41.2796017761494,405891891,allotments,,,,,,,,,,,,,,,,,,,,,,,,,,,,,,,,,,,,,,,,,,,,,,,,,,
-8.66005597359674,41.278796005584,407209948,allotments,,,,,,,,,,,,,,,,,,,,,,,,,,,,,,,,,,,,,,,,,,,,,,,,,,
-8.6599850859971,41.2796954652752,406778602,,,garden,,,,,,,,,,,,,,,,,,,,,,,,,,,,,,,,,,,,,,,,,,,,,,,,
-8.66260997686836,41.27988740173,405891883,allotments,,,,,,,,,,,,,,,,,,,,,,,,,,,,,,,,,,,,,,,,,,,,,,,,,,
-8.66253388677338,41.2800272695717,405891887,allotments,,,,,,,,,,,,,,,,,,,,,,,,,,,,,,,,,,,,,,,,,,,,,,,,,,
-8.66219845395549,41.2798330258184,405891888,allotments,,,,,,,,,,,,,,,,,,,,,,,,,,,,,,,,,,,,,,,,,,,,,,,,,,
-8.66231442322968,41.2800556005722,405891885,allotments,,,,,,,,,,,,,,,,,,,,,,,,,,,,,,,,,,,,,,,,,,,,,,,,,,
-8.66190403527511,41.2809039677793,332105157,farmland,,,,,,,,,,,,,,,,,,,,,,,,,,,,,,,,,,,,,,,,,,,,,,,,,,
-8.66098147463734,41.2800226339604,331967429,farmland,,,,,,,,,,,,,,,,,,,,,,,,,,,,,,,,,,,,,,,,,,,,,,,,,,
-8.65996866808872,41.2800297992823,406778604,allotments,,,,,,,,,,,,,,,,,,,,,,,,,,,,,,,,,,,,,,,,,,,,,,,,,,
-8.6607984738571,41.2809879981198,332105150,farmland,,,,,,,,,,,,,,,,,,,,,,,,,,,,,,,,,,,,,,,,,,,,,,,,,,
-8.65917653963839,41.2783770059909,397618295,farmland,,,,,,,,,,,,,,,,,,,,,,,,,,,,,,,,,,,,,,,,,,,,,,,,,,
-8.65868236000956,41.2785860872009,332104850,allotments,,,,,,,,,,,,,,,,,,,,,,,,,,,,,,,,,,,,,,,,,,,,,,,,,,
-8.65994918579617,41.2790966147831,407209949,allotments,,,,,,,,,,,,,,,,,,,,,,,,,,,,,,,,,,,,,,,,,,,,,,,,,,
-8.65960960734603,41.2795548726546,372468057,allotments,,,,,,,,,,,,,,,,,,,,,,,,,,,,,,,,,,,,,,,,,,,,,,,,,,
-8.65870174386132,41.2791142329846,332104622,meadow,,,,,,,,,,,,,,,,,,,,,,,,,,,,,,,,,,,,,,,,,,,,,,,,,,
-8.6584394402644,41.2784891775822,332104945,allotments,,,,,,,,,,,,,,,,,,,,,,,,,,,,,,,,,,,,,,,,,,,,,,,,,,
-8.65852627912048,41.2787163886472,332104855,allotments,,,,,,,,,,,,,,,,,,,,,,,,,,,,,,,,,,,,,,,,,,,,,,,,,,
-8.65827451764642,41.2788288192984,332104865,meadow,,,,,,,,,,,,,,,,,,,,,,,,,,,,,,,,,,,,,,,,,,,,,,,,,,
-8.65796486623051,41.2790292367449,330925326,farmland,,,,,,,,,,,,,,,,,,,525,,,,,,,,,,,,,,,,,Mosteiró,,,,Rua Costa Padrão,,4485-908,,,,,,,,
-8.65797284250036,41.2785222056046,397546822,allotments,,,,,,,,,,,,,,,,,,,,,,,,,,,,,,,,,,,,,,,,,,,,,,,,,,
-8.65783886879613,41.2789711022459,407493992,allotments,,,,,,,,,,,,,,,,,,,,,,,,,,,,,,,,,,,,,,,,,,,,,,,,,,
-8.65766762016896,41.2790197164222,407493991,,,garden,,,,,,,,,,,,,,,,,,,,,,,,,,,,,,,,,,,,,,,,,,,,,,,,
-8.65742443249087,41.278847124238,331484833,farmland,,,,,,,,,,,,,,,,,,,,,,,,,,,,,,,,,,,,,,,,,,,,,,,,,,
-8.6594066062671,41.280550437757,438533325,allotments,,,,,,,,,,,,,,,,,,,,,,,,,,,,,,,,,,,,,,,,,,,,,,,,,,
-8.65995999994941,41.2807350630533,438533326,allotments,,,,,,,,,,,,,,,,,,,,,,,,,,,,,,,,,,,,,,,,,,,,,,,,,,
-8.6595998263513,41.2808100083283,438533327,allotments,,,,,,,,,,,,,,,,,,,,,,,,,,,,,,,,,,,,,,,,,,,,,,,,,,
-8.65770955645393,41.280731787835,331485384,farmland,,,,,,,,,,,,,,,,,,,,,,,,,,,,,,,,,,,,,,,,,,,corn,,,,,,,
-8.66711013727973,41.2819424428822,407493290,allotments,,,,,,,,,,,,,,,,,,,,,,,,,,,,,,,,,,,,,,,,,,,,,,,,,,
-8.66686380991308,41.2823652316037,407493291,farmland,,,,,,,,,,,,,,,,,,,,,,,,,,,,,,,,,,,,,,,,,,,,,,,,,,
-8.66583101235298,41.2821908017122,405897677,forest,,,,,,,,,,,,,,,,,,,,,,,,,,,,,,,,,,,,,,,,,,,,,,,,,,
-8.66765081000437,41.2834390389906,405897674,forest,,,,,,,,,,,,,,,,,,,,,,,,,,,,,,,,,,,,,,,,,,,,,,,,,,
-8.66456864477268,41.281806799916,405897679,forest,,,,,,,,,,,,,,,,,,,,,,,,,,,,,,,,,,,,,,,,,,,,,,,,,,
-8.66297046282095,41.2815970205073,405897684,farmland,,,,,,,,,,,,,,,,,,,,,,,,,,,,,,,,,,,,,,,,,,,,,,,,,,
-8.6615088702152,41.2823395736729,372466734,allotments,,,,,,,,,,,,,,,,,,,,,,,,,,,,,,,,,,,,,,,,,,,,,,,,,,
-8.66136344315806,41.2823946877068,407537273,allotments,,,,,,,,,,,,,,,,,,,,,,,,,,,,,,,,,,,,,,,,,,,,,,,,,,
-8.66101262847265,41.2813336006818,372467620,allotments,,,,,,,,,,,,,,,,,,,,,,,,,,,,,,,,,,,,,,,,,,,,,,,,,,
-8.66114631665219,41.2814729006927,372467660,allotments,,,,,,,,,,,,,,,,,,,,,,,,,,,,,,,,,,,,,,,,,,,,,,,,,,
-8.66125501434782,41.2816428475635,372467697,allotments,,,,,,,,,,,,,,,,,,,,,,,,,,,,,,,,,,,,,,,,,,,,,,,,,,
-8.65997262030842,41.2814488995863,372467945,farmland,,,,,,,,,,,,,,,,,,,,,,,,,,,,,,,,,,,,,,,,,,,,,,,,,,
-8.6613024165626,41.2819471220335,372467135,farmland,,,,,,,,,,,,,,,,,,,,,,,,,,,,,,,,,,,,,,,,,,,,,,,,,,
-8.66090612571918,41.2824186794408,407537276,allotments,,,,,,,,,,,,,,,,,,,,,,,,,,,,,,,,,,,,,,,,,,,,,,,,,,
-8.65940050950842,41.2814599760138,406778615,allotments,,,,,,,,,,,,,,,,,,,,,,,,,,,,,,,,,,,,,,,,,,,,,,,,,,
-8.65932457844483,41.2817127250422,406778618,allotments,,,,,,,,,,,,,,,,,,,,,,,,,,,,,,,,,,,,,,,,,,,,,,,,,,
-8.65922355817189,41.2813165594861,406778617,allotments,,,,,,,,,,,,,,,,,,,,,,,,,,,,,,,,,,,,,,,,,,,,,,,,,,
-8.65913398826637,41.2817528345428,406778620,allotments,,,,,,,,,,,,,,,,,,,,,,,,,,,,,,,,,,,,,,,,,,,,,,,,,,
-8.65967965172242,41.2821888741048,406778623,allotments,,,,,,,,,,,,,,,,,,,,,,,,,,,,,,,,,,,,,,,,,,,,,,,,,,
-8.65940281452335,41.2821540761385,406778625,farmland,,,,,,,,,,,,,,,,,,,,,,,,,,,,,,,,,,,,,,,,,,,,,,,,,,
-8.65899051973262,41.2818322373998,406778619,allotments,,,,,,,,,,,,,,,,,,,,,,,,,,,,,,,,,,,,,,,,,,,,,,,,,,
-8.65912577546748,41.2822484975323,406778627,allotments,,,,,,,,,,,,,,,,,,,,,,,,,,,,,,,,,,,,,,,,,,,,,,,,,,
-8.6581505608196,41.2814995739937,406778632,allotments,,,,,,,,,,,,,,,,,,,,,,,,,,,,,,,,,,,,,,,,,,,,,,,,,,
-8.65808956846552,41.2813952515235,406778631,allotments,,,,,,,,,,,,,,,,,,,,,,,,,,,,,,,,,,,,,,,,,,,,,,,,,,
-8.65774668646956,41.2816807195213,406778630,farmland,,,,,,,,,,,,,,,,,,,,,,,,,,,,,,,,,,,,,,,,,,,,,,,,,,
-8.65840750341872,41.2822492723419,406778626,farmland,,,,,,,,,,,,,,,,,,,,,,,,,,,,,,,,,,,,,,,,,,,,,,,,,,
-8.65783924776093,41.2820267292678,405896365,allotments,,,,,,,,,,,,,,,,,,,,,,,,,,,,,,,,,,,,,,,,,,,,,,,,,,
-8.6577807909143,41.2818761856298,438533331,,,,,,parking,,,,,,,,,,,,,,,,,,,,,,,,,,,,,,,,,,,,,,,,,,,,,
-8.65724708293257,41.2819217830577,405896375,allotments,,,,,,,,,,,,,,,,,,,,,,,,,,,,,,,,,,,,,,,,,,,,,,,,,,
-8.65754278951079,41.2821940409253,407300168,,,garden,,,,,,,,,,,,,,,,,,,,,,,,,,,,,,,,,,,,,,,,,,,,,,,,
-8.65741781738027,41.2823784881528,407300167,,,,,,parking,,,,,,,,,,,,,,,,,,,,,,,,,,,,,,,,,,,,,,,,,,,,,
-8.65719210777935,41.2823412932969,407300170,,,garden,,,,,,,,,,,,,,,,,,,,,,,,,,,,,,,,,,,,,,,,,,,,,,,,
-8.65775558772742,41.2825260378339,406778628,allotments,,,,,,,,,,,,,,,,,,,,,,,,,,,,,,,,,,,,,,,,,,,,,,,,,,
-8.65750965516929,41.2826173830214,406778629,farmland,,,,,,,,,,,,,,,,,,,,,,,,,,,,,,,,,,,,,,,,,,,,,,,,,,
-8.66015575291387,41.2847819066943,331967372,,,,,,,,,,,,,,wood,,,,,,,,,,,,,,,,,,,,,,,,,,,,,,,,,,,,,
-8.66172728514066,41.2867472323801,428981038,forest,,,,,,,,,,,,,,,,,,,,,,,,,,,,,,,,,,,,,,,,,,,,,,,,,,
-8.69990202467319,41.2899143526205,350968849,forest,,,,,,,,,,,,,,,,,,,,,,,,,,,,,,,,,,,,,,,,,,,,,,,,,,
-8.69909998595435,41.2907896792589,350968899,forest,,,,,,,,,,,,,,,,,,,,,,,,,,,,,,,,,,,,,,,,,,,,,,,,,,
-8.69933849813518,41.2916962875533,428981046,forest,,,,,,,,,,,,,,,,,,,,,,,,,,,,,,,,,,,,,,,,,,,,,,,,,,
-8.70107077807322,41.2933407856766,428981045,forest,,,,,,,,,,,,,,,,,,,,,,,,,,,,,,,,,,,,,,,,,,,,,,,,,,
-8.69925682992686,41.2934569026329,686325082,grass,,,,,,,,,,,,,,,,,,,,,,,,,,,,,,,,,,,,,,,,,,,,,,,,,,
-8.6990848856227,41.2928483999711,133533419,,,,,,parking,,,,,,,,,,,,,,,,,,,,,,,,,,,,,,,,,,,,,,,,,,,,,
-8.69907483561048,41.294097492995,350969681,residential,,,,,,,,,,,,,,,,,,,,,,,,,,,,,,,,,,,,,,,,,,,,,,,,,,
-8.69948080750772,41.2937857106546,686325081,grass,,,,,,,,,,,,,,,,,,,,,,,,,,,,,,,,,,,,,,,,,,,,,,,,,,
-8.69926856266031,41.2936481879429,686325077,,,,,no,,,,Modivas Centro,,,,,,station,station,,,,,,,,,,light_rail,Q10275987,Metro do Porto,yes,,,,,,,,,,,,,,,,,,,,,,
-8.69916261807165,41.2936791454024,686325083,grass,,,,,,,,,,,,,,,,,,,,,,,,,,,,,,,,,,,,,,,,,,,,,,,,,,
-8.6980745087783,41.2931673767045,350969682,residential,,,,,,,,,,,,,,,,,,,,,,,,,,,,,,,,,,,,,,,,,,,,,,,,,,
-8.69999857577043,41.2952539875753,434925516,forest,,,,,,,,,,,,,,,,,,,,,,,,,,,,,,,,,,,,,,,,,,,,,,,,,,
-8.69074280890504,41.2947068000937,259057100,,,,,yes,hospital,,,Clinica de Modivas,,,,,,,,,,,,,,,,,,,,,,,,,,,,,,,,,,,,no,,,,,,
-8.69544912711572,41.2974722385981,434925512,residential,,,,,,,,,,,,,,,,,,,,,,,,,,,,,,,,,,,,,,,,,,,,,,,,,,
-8.69018447032042,41.2972178497558,350969683,residential,,,,,,,,,,,,,,,,,,,,,,,,,,,,,,,,,,,,,,,,,,,,,,,,,,
-8.68730489228941,41.2869416658045,435841777,forest,,,,,,,,,,,,,,,,,,,,,,,,,,,,,,,,,,,,,,,,,,,,,,,,,,
-8.68483443199997,41.2874289545512,407534077,residential,,,,,,,,,,,,,,,,,,,,,,,,,,,,,,,,,,,,,,,,,,,,,,,,,,
-8.68638145491235,41.2896185518156,434925511,forest,,,,,,,,,,,,,,,,,,,,,,,,,,,,,,,,,,,,,,,,,,,,,,,,,,
-8.68415653021319,41.2905668276641,434925510,forest,,,,,,,,,,,,,,,,,,,,,,,,,,,,,,,,,,,,,,,,,,,,,,,,,,
-8.68108485262709,41.2898610353666,434925509,forest,,,,,,,,,,,,,,,,,,,,,,,,,,,,,,,,,,,,,,,,,,,,,,,,,,
-8.68919496409239,41.2953214436166,259057319,cemetery,,,,,,,,Cemitério de Modivas,,,,,,,,,,,,,,,,,,,,,,,,,,,,,,,,,,,,,,,,,,
-8.68889941967871,41.295794588694,259057212,,,,,church,place_of_worship,christian,catholic,Igreja de Modivas,,,,,,,,,,,,,,,,,,,,,,,,,,,,,,,,,,,,,,,,,,
-8.68283101936655,41.2925785715409,350968908,forest,,,,,,,,,,,,,,,,,,,,,,,,,,,,,,,,,,,,,,,,,,,,,,,,,,
-8.68175255933207,41.2947424071898,434925517,forest,,,,,,,,,,,,,,,,,,,,,,,,,,,,,,,,,,,,,,,,,,,,,,,,,,
-8.69953467598479,41.2988548701459,350968851,forest,,,,,,,,,,,,,,,,,,,,,,,,,,,,,,,,,,,,,,,,,,,,,,,,,,
-8.70122758968838,41.3003486937861,436239756,grass,,,,,,,,,,,,,,,,,,,,,,,,,,,,,,,,,,,,,,,,,,,,,,,,,,
-8.70031614085143,41.3006507850915,436239755,grass,,,,,,,,,,,,,,,,,,,,,,,,,,,,,,,,,,,,,,,,,,,,,,,,,,
-8.7010021587584,41.3017166603569,436239761,grass,,,,,,,,,,,,,,,,,,,,,,,,,,,,,,,,,,,,,,,,,,,,,,,,,,
-8.69923531814889,41.3012686127691,436239754,grass,,,,,,,,,,,,,,,,,,,,,,,,,,,,,,,,,,,,,,,,,,,,,,,,,,
-8.69853162297193,41.3012102111287,436239757,grass,,,,,,,,,,,,,,,,,,,,,,,,,,,,,,,,,,,,,,,,,,,,,,,,,,
-8.69993245656678,41.3021673455275,436239760,grass,,,,,,,,,,,,,,,,,,,,,,,,,,,,,,,,,,,,,,,,,,,,,,,,,,
-8.69905974706194,41.3025783818496,436239759,grass,,,,,,,,,,,,,,,,,,,,,,,,,,,,,,,,,,,,,,,,,,,,,,,,,,
-8.69602810286789,41.3008748472967,436240438,industrial,,,,,,,,LACTOGAL,,,,,,,,,,,,,,,,,,,,,,,,,,,,,,,,,,,,,factory,milk,,,,
-8.6955495,41.2989599,350968812,,,,substation,,,,,,,,,,,,,,,,,,,,,,,,,,,,,,,,,,,,,,,,,,,,,,,
-8.69372598836676,41.2981857141889,434925513,farmland,,,,,,,,,,,,,,,,,,,,,,,,,,,,,,,,,,,,,,,,,,,,,,,,,,
-8.69495705,41.29928145,350968810,,,,substation,,,,,,,,,,,,,,,,,,,,,,,,,,,,,,,,,,,,,,,,,,,,,,,
-8.69193258449168,41.2997363875584,318484343,industrial,,,,,,,,,,,,,,,,,,,,,,,,,,,,,,,,,,,,,,,,,,,,,,,,,,
-8.69540215313614,41.3039152859935,436239763,farmland,,,,,,,,,,,,,,,,,,,,,,,,,,,,,,,,,,,,,,,,,,,,,,,,,,
-8.69316786292477,41.3036285418943,350968909,forest,,,,,,,,,,,,,,,,,,,,,,,,,,,,,,,,,,,,,,,,,,,,,,,,,,
-8.68998352052665,41.2983046488144,434925514,farmland,,,,,,,,,,,,,,,,,,,,,,,,,,,,,,,,,,,,,,,,,,,,,,,,,,
-8.68443533619605,41.2987600642473,434920222,forest,,,,,,,,,,,,,,,,,,,,,,,,,,,,,,,,,,,,,,,,,,,,,,,,,,
-8.68249711359285,41.2979946631977,434920223,forest,,,,,,,,,,,,,,,,,,,,,,,,,,,,,,,,,,,,,,,,,,,,,,,,,,
-8.68083119002998,41.298937697822,434920224,forest,,,,,,,,,,,,,,,,,,,,,,,,,,,,,,,,,,,,,,,,,,,,,,,,,,
-8.6833322512136,41.3006744319413,434925519,forest,,,,,,,,,,,,,,,,,,,,,,,,,,,,,,,,,,,,,,,,,,,,,,,,,,
-8.68254659821684,41.3016267879201,350968928,forest,,,,,,,,,,,,,,,,,,,,,,,,,,,,,,,,,,,,,,,,,,,,,,,,,,
-8.68820561794733,41.3077313900768,350968921,forest,,,,,,,,,,,,,,,,,,,,,,,,,,,,,,,,,,,,,,,,,,,,,,,,,,
-8.68404908623602,41.3067694395868,350968926,forest,,,,,,,,,,,,,,,,,,,,,,,,,,,,,,,,,,,,,,,,,,,,,,,,,,
-8.67911786607094,41.2884106274328,258993705,,,,,yes,school,,,Escola Primária da Carrapata,,,,,,,,,,,,,,,,,,,,,,,,,,,,,,,,,,,,,,,,,,
-8.67472466361371,41.2890364318901,350968845,residential,,,,,,,,,,,,,,,,,,,,,,,,,,,,,,,,,,,,,,,,,,,,,,,,,,
-8.67404843352524,41.2878284937381,399435058,,,,,,school,,,Recreio do Infantário de Vilar,,,,,,,,,,,,,,,,,,,,,,,,,,,,,,,,,,,,,,,,,,
-8.67295905301854,41.2870481000427,409043204,allotments,,,,,,,,,,,,,,,,,,,,,,,,,,,,,,,,,,,,,,,,,,,,,,,,,,
-8.6726736616954,41.2871658999533,409043206,allotments,,,,,,,,,,,,,,,,,,,,,,,,,,,,,,,,,,,,,,,,,,,,,,,,,,
-8.6724894806788,41.2872418998301,409043208,allotments,,,,,,,,,,,,,,,,,,,,,,,,,,,,,,,,,,,,,,,,,,,,,,,,,,
-8.67221115,41.2873594,409043201,allotments,,,,,,,,,,,,,,,,,,,,,,,,,,,,,,,,,,,,,,,,,,,,,,,,,,
-8.67167978099708,41.2875807485077,409043203,allotments,,,,,,,,,,,,,,,,,,,,,,,,,,,,,,,,,,,,,,,,,,,,,,,,,,
-8.67129108695933,41.2877429994494,409043197,allotments,,,,,,,,,,,,,,,,,,,,,,,,,,,,,,,,,,,,,,,,,,,,,,,,,,
-8.67086500805849,41.287916802502,409043199,allotments,,,,,,,,,,,,,,,,,,,,,,,,,,,,,,,,,,,,,,,,,,,,,,,,,,
-8.67045610095628,41.2881236436825,399435588,allotments,,,,,,,,,,,,,,,,,,,,,,,,,,,,,,,,,,,,,,,,,,,,,,,,,,
-8.67040986400227,41.2880687493275,399435587,allotments,,,,,,,,,,,,,,,,,,,,,,,,,,,,,,,,,,,,,,,,,,,,,,,,,,
-8.6702852917454,41.288194176209,399435590,allotments,,,,,,,,,,,,,,,,,,,,,,,,,,,,,,,,,,,,,,,,,,,,,,,,,,
-8.6703278900893,41.2883763491744,258994207,cemetery,,,,,,,,Cemitério de Vilar,,,,,,,,,,,,,,,,,,,,,,,,,,,,,,,,,,,,,,,,,,
-8.67023879276595,41.2881387897806,399435589,allotments,,,,,,,,,,,,,,,,,,,,,,,,,,,,,,,,,,,,,,,,,,,,,,,,,,
-8.66996191365375,41.2881290577074,399435591,allotments,,,,,,,,,,,,,,,,,,,,,,,,,,,,,,,,,,,,,,,,,,,,,,,,,,
-8.66977131341734,41.2882072997178,399435592,allotments,,,,,,,,,,,,,,,,,,,,,,,,,,,,,,,,,,,,,,,,,,,,,,,,,,
-8.6697708639517,41.2883324925982,399435593,allotments,,,,,,,,,,,,,,,,,,,,,,,,,,,,,,,,,,,,,,,,,,,,,,,,,,
-8.66980879251453,41.2883815789469,399435594,allotments,,,,,,,,,,,,,,,,,,,,,,,,,,,,,,,,,,,,,,,,,,,,,,,,,,
-8.67019049795503,41.2887133393666,350968888,residential,,,,,,,,,,,,,,,,,,,,,,,,,,,,,,,,,,,,,,,,,,,,,,,,,,
-8.67173607752411,41.2918176394565,350968857,residential,,,,,,,,,,,,,,,,,,,,,,,,,,,,,,,,,,,,,,,,,,,,,,,,,,
-8.6700286824012,41.2908523227277,350968832,farmyard,,,,,,,,,,,,,,,,,,,,,,,,,,,,,,,,,,,,,,,,,,,,,,,,,,
-8.67805826310637,41.2954155599462,434925518,forest,,,,,,,,,,,,,,,,,,,,,,,,,,,,,,,,,,,,,,,,,,,,,,,,,,
-8.67149743344067,41.293965780779,350968913,forest,,,,,,,,,,,,,,,,,,,,,,,,,,,,,,,,,,,,,,,,,,,,,,,,,,
-8.66429626250998,41.2911657005239,409043263,forest,,,,,,,,,,,,,,,,,,,,,,,,,,,,,,,,,,,,,,,,,,,,,,,,,,
-8.66090699804554,41.2884826242424,428981036,forest,,,,,,,,,,,,,,,,,,,,,,,,,,,,,,,,,,,,,,,,,,,,,,,,,,
-8.65953044127978,41.2872337138115,428981039,forest,,,,,,,,,,,,,,,,,,,,,,,,,,,,,,,,,,,,,,,,,,,,,,,,,,
-8.66192436550322,41.2913398372587,409043265,forest,,,,,,,,,,,,,,,,,,,,,,,,,,,,,,,,,,,,,,,,,,,,,,,,,,
-8.65720777324389,41.2896814082814,428981037,forest,,,,,,,,,,,,,,,,,,,,,,,,,,,,,,,,,,,,,,,,,,,,,,,,,,
-8.66479372616855,41.29306518791,409043261,forest,,,,,,,,,,,,,,,,,,,,,,,,,,,,,,,,,,,,,,,,,,,,,,,,,,
-8.66576916058298,41.2962572496266,435841781,forest,,,,,,,,,,,,,,,,,,,,,,,,,,,,,,,,,,,,,,,,,,,,,,,,,,
-8.66029786686504,41.2947130419535,435841780,forest,,,,,,,,,,,,,,,,,,,,,,,,,,,,,,,,,,,,,,,,,,,,,,,,,,
-8.65641003398368,41.2947187172036,428981035,forest,,,,,,,,,,,,,,,,,,,,,,,,,,,,,,,,,,,,,,,,,,,,,,,,,,
-8.66043516969778,41.2952776587409,435841779,forest,,,,,,,,,,,,,,,,,,,,,,,,,,,,,,,,,,,,,,,,,,,,,,,,,,
-8.66243123846826,41.296188495757,435841778,forest,,,,,,,,,,,,,,,,,,,,,,,,,,,,,,,,,,,,,,,,,,,,,,,,,,
-8.67655227860744,41.2987068911654,434920221,forest,,,,,,,,,,,,,,,,,,,,,,,,,,,,,,,,,,,,,,,,,,,,,,,,,,
-8.6691233309774,41.3011059418928,434920220,forest,,,,,,,,,,,,,,,,,,,,,,,,,,,,,,,,,,,,,,,,,,,,,,,,,,
-8.66958422538436,41.3063445996409,456653724,forest,,,,,,,,,,,,,,,,,,,,,,,,,,,,,,,,,,,,,,,,,,,,,,,,,,
-8.66049820511777,41.2978980475488,435842885,forest,,,,,,,,,,,,,,,,,,,,,,,,,,,,,,,,,,,,,,,,,,,,,,,,,,
-8.6586655595562,41.2985946747534,435842884,forest,,,,,,,,,,,,,,,,,,,,,,,,,,,,,,,,,,,,,,,,,,,,,,,,,,
-8.66668943838457,41.3065909599344,434920015,farmland,,,,,,,,,,,,,,,,,,,,,,,,,,,,,,,,,,,,,,,,,,,,,,,,,,
-8.66252564484074,41.3031005436681,435842886,forest,,,,,,,,,,,,,,,,,,,,,,,,,,,,,,,,,,,,,,,,,,,,,,,,,,
-8.66074011031532,41.3076901632629,435842887,forest,,,,,,,,,,,,,,,,,,,,,,,,,,,,,,,,,,,,,,,,,,,,,,,,,,
-8.65598239559166,41.2771414683286,407537259,farmland,,,,,,,,,,,,,,,,,,,,,,,,,,,,,,,,,,,,,,,,,,,,,,,,,,
-8.6570600000026,41.2782922841701,407077842,allotments,,,,,,,,,,,,,,,,,,,,,,,,,,,,,,,,,,,,,,,,,,,,,,,,,,
-8.65433492556242,41.27766459843,397618294,farmland,,,,,,,,,,,,,,,,,,,,,,,,,,,,,,,,,,,,,,,,,,,,,,,,,,
-8.6520787909338,41.277181748556,407537271,farmland,,,,,,,,,,,,,,,,,,,,,,,,,,,,,,,,,,,,,,,,,,,,,,,,,,
-8.65275541929875,41.2781763149225,407317666,allotments,,,,,,,,,,,,,,,,,,,,,,,,,,,,,,,,,,,,,,,,,,,,,,,,,,
-8.65256100799874,41.278308310374,407317667,allotments,,,,,,,,,,,,,,,,,,,,,,,,,,,,,,,,,,,,,,,,,,,,,,,,,,
-8.6523761371336,41.2783837108592,407317668,allotments,,,,,,,,,,,,,,,,,,,,,,,,,,,,,,,,,,,,,,,,,,,,,,,,,,
-8.65696445831586,41.2783792313374,407077843,allotments,,,,,,,,,,,,,,,,,,,,,,,,,,,,,,,,,,,,,,,,,,,,,,,,,,
-8.65661225128548,41.2783651812675,407077840,farmland,,,,,,,,,,,,,,,,,,,,,,,,,,,,,,,,,,,,,,,,,,,,,,,,,,
-8.65718022819804,41.2787397597855,407077845,allotments,,,,,,,,,,,,,,,,,,,,,,,,,,,,,,,,,,,,,,,,,,,,,,,,,,
-8.65689967456578,41.2787477122959,407077847,allotments,,,,,,,,,,,,,,,,,,,,,,,,,,,,,,,,,,,,,,,,,,,,,,,,,,
-8.65697615884378,41.2788243011934,407077846,allotments,,,,,,,,,,,,,,,,,,,,,,,,,,,,,,,,,,,,,,,,,,,,,,,,,,
-8.65606409273007,41.2788625164602,407317649,allotments,,,,,,,,,,,,,,,,,,,,,,,,,,,,,,,,,,,,,,,,,,,,,,,,,,
-8.65693621863909,41.2791428385448,407077848,allotments,,,,,,,,,,,,,,,,,,,,,,,,,,,,,,,,,,,,,,,,,,,,,,,,,,
-8.65660222814408,41.2792835681069,331485395,allotments,,,,,,,,,,,,,,,,,,,,,,,,,,,,,,,,,,,,,,,,,,,,,,,,,,
-8.65714200480238,41.2796275711826,331485389,farmland,,,,,,,,,,,,,,,,,,,,,,,,,,,,,,,,,,,,,,,,,,,,,,,,,,
-8.65686036589939,41.2795484216357,407075357,farmland,,,,,,,,,,,,,,,,,,,,,,,,,,,,,,,,,,,,,,,,,,,,,,,,,,
-8.65601198078247,41.2792309609982,407075362,allotments,,,,,,,,,,,,,,,,,,,,,,,,,,,,,,,,,,,,,,,,,,,,,,,,,,
-8.65610536106463,41.2795662982114,407075358,farmland,,,,,,,,,,,,,,,,,,,,,,,,,,,,,,,,,,,,,,,,,,,,,,,,,,
-8.65494053722441,41.279059596894,397618293,allotments,,,,,,,,,,,,,,,,,,,,,,,,,,,,,,,,,,,,,,,,,,,,,,,,,,
-8.6556479286446,41.2791278483382,407075365,allotments,,,,,,,,,,,,,,,,,,,,,,,,,,,,,,,,,,,,,,,,,,,,,,,,,,
-8.65547983662544,41.2794598381165,407075353,allotments,,,,,,,,,,,,,,,,,,,,,,,,,,,,,,,,,,,,,,,,,,,,,,,,,,
-8.65484215233312,41.2794167659204,407075352,allotments,,,,,,,,,,,,,,,,,,,,,,,,,,,,,,,,,,,,,,,,,,,,,,,,,,
-8.65557888673307,41.2810088610772,407075339,farmland,,,,,,,,,,,,,,,,,,,,,,,,,,,,,,,,,,,,,,,,,,,,,,,,,,
-8.65321989465941,41.2785174462965,407317665,allotments,,,,,,,,,,,,,,,,,,,,,,,,,,,,,,,,,,,,,,,,,,,,,,,,,,
-8.65404720451413,41.279113162694,407317653,allotments,,,,,,,,,,,,,,,,,,,,,,,,,,,,,,,,,,,,,,,,,,,,,,,,,,
-8.65393665478435,41.2794376056744,407317654,farmland,,,,,,,,,,,,,,,,,,,,,,,,,,,,,,,,,,,,,,,,,,,,,,,,,,
-8.65211220905548,41.2784041891302,407317671,allotments,,,,,,,,,,,,,,,,,,,,,,,,,,,,,,,,,,,,,,,,,,,,,,,,,,
-8.65229648906076,41.2785768403478,407317672,allotments,,,,,,,,,,,,,,,,,,,,,,,,,,,,,,,,,,,,,,,,,,,,,,,,,,
-8.6521735600445,41.2786567764773,407317673,allotments,,,,,,,,,,,,,,,,,,,,,,,,,,,,,,,,,,,,,,,,,,,,,,,,,,
-8.65229775689648,41.2791672210568,407075366,forest,,,,,,,,,,,,,,,,,,,,,,,,,,,,,,,,,,,,,,,,,,,,,,,,,,
-8.65289375534406,41.2793428166062,407317655,farmland,,,,,,,,,,,,,,,,,,,,,,,,,,,,,,,,,,,,,,,,,,,,,,,,,,
-8.65358069907863,41.280382782427,407075340,farmland,,,,,,,,,,,,,,,,,,,,,,,,,,,,,,,,,,,,,,,,,,,,,,,,,,
-8.65138971734584,41.2778774702845,404223413,forest,,,,,,,,,,,,,,,,,,,,,,,,,,,,,,,,,,,,,,,,,,,,,,,,,,
-8.64926924375021,41.277813893791,404223414,forest,,,,,,,,,,,,,,,,,,,,,,,,,,,,,,,,,,,,,,,,,,,,,,,,,,
-8.65007258734684,41.2778142598018,407537281,meadow,,,,,,,,,,,,,,,,,,,,,,,,,,,,,,,,,,,,,,,,,,,,,,,,,,
-8.64984144351078,41.2780160854215,407537282,meadow,,,,,,,,,,,,,,,,,,,,,,,,,,,,,,,,,,,,,,,,,,,,,,,,,,
-8.64714737646374,41.2761245115026,407537278,forest,,,,,,,,,,,,,,,,,,,,,,,,,,,,,,,,,,,,,,,,,,,,,,,,,,
-8.64869529667133,41.2781810992118,407537283,meadow,,,,,,,,,,,,,,,,,,,,,,,,,,,,,,,,,,,,,,,,,,,,,,,,,,
-8.65069436876971,41.2803860537795,407317656,farmland,,,,,,,,,,,,,,,,,,,,,,,,,,,,,,,,,,,,,,,,,,,,,,,,,,
-8.64944673292534,41.2807707035766,407540763,farmland,,,,,,,,,,,,,,,,,,,,,,,,,,,,,,,,,,,,,,,,,,,,,,,,,,
-8.6481425223848,41.2801978420615,404223412,forest,,,,,,,,,,,,,,,,,,,,,,,,,,,,,,,,,,,,,,,,,,,,,,,,,,
-8.65697626393137,41.2819247908397,405896382,allotments,,,,,,,,,,,,,,,,,,,,,,,,,,,,,,,,,,,,,,,,,,,,,,,,,,
-8.65692409225572,41.2820810088313,405896379,allotments,,,,,,,,,,,,,,,,,,,,,,,,,,,,,,,,,,,,,,,,,,,,,,,,,,
-8.65665155249207,41.2820275897541,405896380,allotments,,,,,,,,,,,,,,,,,,,,,,,,,,,,,,,,,,,,,,,,,,,,,,,,,,
-8.6570395715247,41.2822609851773,407300162,allotments,,,,,,,,,,,,,,,,,,,,,,,,,,,,,,,,,,,,,,,,,,,,,,,,,,
-8.65703590589739,41.2824364595084,407300163,allotments,,,,,,,,,,,,,,,,,,,,,,,,,,,,,,,,,,,,,,,,,,,,,,,,,,
-8.65687612899759,41.2824505221212,407300159,allotments,,,,,,,,,,,,,,,,,,,,,,,,,,,,,,,,,,,,,,,,,,,,,,,,,,
-8.65660730716203,41.2825288544875,407317676,allotments,,,,,,,,,,,,,,,,,,,,,,,,,,,,,,,,,,,,,,,,,,,,,,,,,,
-8.65663624161772,41.2831778189679,407300121,farmland,,,,,,,,,,,,,,,,,,,,,,,,,,,,,,,,,,,,,,,,,,,,,,,,,,
-8.6559879014085,41.2831816957288,407300140,allotments,,,,,,,,,,,,,,,,,,,,,,,,,,,,,,,,,,,,,,,,,,,,,,,,,,
-8.65518119878872,41.2824208980497,407075338,farmland,,,,,,,,,,,,,,,,,,,,,,,,,,,,,,,,,,,,,,,,,,,,,,,,,,
-8.65574437478275,41.2831757085022,407300142,allotments,,,,,,,,,,,,,,,,,,,,,,,,,,,,,,,,,,,,,,,,,,,,,,,,,,
-8.6555204114572,41.2833530948826,407300132,allotments,,,,,,,,,,,,,,,,,,,,,,,,,,,,,,,,,,,,,,,,,,,,,,,,,,
-8.65561902150708,41.2837424414264,407300144,farmland,,,,,,,,,,,,,,,,,,,,,,,,,,,,,,,,,,,,,,,,,,,,,,,,,,
-8.65487609620451,41.2838664872723,407534116,farmland,,,,,,,,,,,,,,,,,,,,,,,,,,,,,,,,,,,,,,,,,,,,,,,,,,
-8.65331591535659,41.2814016477844,407317657,farmland,,,,,,,,,,,,,,,,,,,,,,,,,,,,,,,,,,,,,,,,,,,,,,,,,,
-8.65334131894997,41.2822143532725,407534117,farmland,,,,,,,,,,,,,,,,,,,,,,,,,,,,,,,,,,,,,,,,,,,,,,,,,,
-8.65396870349395,41.2829627529826,407535920,allotments,,,,,,,,,,,,,,,,,,,,,,,,,,,,,,,,,,,,,,,,,,,,,,,,,,
-8.65380955791792,41.2833350787145,407535922,allotments,,,,,,,,,,,,,,,,,,,,,,,,,,,,,,,,,,,,,,,,,,,,,,,,,,
-8.65382316927075,41.2837216160053,407300152,allotments,,,,,,,,,,,,,,,,,,,,,,,,,,,,,,,,,,,,,,,,,,,,,,,,,,
-8.65322552167045,41.2832207620235,407535916,allotments,,,,,,,,,,,,,,,,,,,,,,,,,,,,,,,,,,,,,,,,,,,,,,,,,,
-8.65252438544458,41.2827649264644,407535923,farmland,,,,,,,,,,,,,,,,,,,,,,,,,,,,,,,,,,,,,,,,,,,,,,,,,,
-8.65196987195123,41.2828670889049,407496274,allotments,,,,,,,,,,,,,,,,,,,,,,,,,,,,,,,,,,,,,,,,,,,,,,,,,,
-8.65292083230551,41.283810351311,407496270,allotments,,,,,,,,,,,,,,,,,,,,,,,,,,,,,,,,,,,,,,,,,,,,,,,,,,
-8.65272120497267,41.28381835,407496265,allotments,,,,,,,,,,,,,,,,,,,,,,,,,,,,,,,,,,,,,,,,,,,,,,,,,,
-8.65249125572018,41.2838293262965,407496266,allotments,,,,,,,,,,,,,,,,,,,,,,,,,,,,,,,,,,,,,,,,,,,,,,,,,,
-8.65181961158411,41.2834390800152,438545366,allotments,,,,,,,,,,,,,,,,,,,,,,,,,,,,,,,,,,,,,,,,,,,,,,,,,,
-8.65239717867043,41.2837290984905,407496269,allotments,,,,,,,,,,,,,,,,,,,,,,,,,,,,,,,,,,,,,,,,,,,,,,,,,,
-8.65198870801527,41.2836313616526,332101595,,,,,,,,,,,,,,beach,,,,,,,,,,,,,,,,,,,,,,,,,,,,,,,,,,,,,
-8.65196096594962,41.2837868507155,332101643,,,sports_centre,,yes,,,,balneários,,,,,,,,,,,,,,,,,,,,,,,,,,,,,,,,,,,,,,,,,,
-8.6547127738717,41.2847419729351,407300123,farmland,,,,,,,,,,,,,,,,,,,,,,,,,,,,,,,,,,,,,,,,,,,,,,,,,,
-8.65519722361159,41.2851672307865,407535928,allotments,,,,,,,,,,,,,,,,,,,,,,,,,,,,,,,,,,,,,,,,,,,,,,,,,,
-8.65482321889869,41.2864152932158,407075336,farmland,,,,,,,,,,,,,,,,,,,,,,,,,,,,,,,,,,,,,,,,,,,,,,,,,,
-8.65435320060372,41.2839137218234,407300156,allotments,,,,,,,,,,,,,,,,,,,,,,,,,,,,,,,,,,,,,,,,,,,,,,,,,,
-8.65387522426312,41.2841487065221,405896359,allotments,,,,,,,,,,,,,,,,,,,,,,,,,,,,,,,,,,,,,,,,,,,,,,,,,,
-8.65356536468883,41.2840021575217,405896360,residential,,,,,,,,Casa Salgueiro,,,,,,,,,,,,,,,,,,,,,,,,,,,,,,,,,,,,,,,,,,
-8.65379432650102,41.2851589085754,407535929,farmland,,,,,,,,,,,,,,,,,,,,,,,,,,,,,,,,,,,,,,,,,,,,,,,,,,
-8.65288348564767,41.2840074613864,332101584,allotments,,,,,,,,,,,,,,,,,,,,,,,,,,,,,,,,,,,,,,,,,,,,,,,,,,
-8.6524729035415,41.28395085,407496268,allotments,,,,,,,,,,,,,,,,,,,,,,,,,,,,,,,,,,,,,,,,,,,,,,,,,,
-8.65270857822128,41.2844743365653,407493292,farmland,,,,,,,,,,,,,,,,,,,,,,,,,,,,,,,,,,,,,,,,,,,,,,,,,,
-8.65221174632024,41.283984765181,407493296,allotments,,,,,,,,,,,,,,,,,,,,,,,,,,,,,,,,,,,,,,,,,,,,,,,,,,
-8.65226606047639,41.2841115484812,407493295,allotments,,,,,,,,,,,,,,,,,,,,,,,,,,,,,,,,,,,,,,,,,,,,,,,,,,
-8.65204622674015,41.2840155998672,407493294,,soccer,pitch,,,,,,Ringue Sintético de Mosteiró,,grass,,,,,,,,,,,,,,,,,,,,,,,,,,,,,,,,,,,,,yes,,,
-8.65184466879506,41.2840216087851,407493299,allotments,,,,,,,,,,,,,,,,,,,,,,,,,,,,,,,,,,,,,,,,,,,,,,,,,,
-8.65244458011542,41.2847489681127,407535930,farmland,,,,,,,,,,,,,,,,,,,,,,,,,,,,,,,,,,,,,,,,,,,,,,,,,,
-8.65179096335328,41.285151349949,397546811,,,,substation,,,,,Subestação de Mosteirô,,,,,,,,EDP,1316S5005600,,,fence,distribution,,,,,,,,"60000;15000",outdoor,,,,,,,,,,,,,,,,,,50,wire,
-8.65292052830564,41.2865366907088,407535927,farmland,,,,,,,,,,,,,,,,,,,,,,,,,,,,,,,,,,,,,,,,,,,,,,,,,,
-8.65219067065996,41.2858485363056,407317660,forest,,,,,,,,,,,,,,,,,,,,,,,,,,,,,,,,,,,,,,,,,,,,,,,,,,
-8.649954351307,41.2815958902454,407539769,allotments,,,,,,,,,,,,,,,,,,,,,,,,,,,,,,,,,,,,,,,,,,,,,,,,,,
-8.65060091821915,41.2821972082146,407317658,farmland,,,,,,,,,,,,,,,,,,,,,,,,,,,,,,,,,,,,,,,,,,,,,,,,,,
-8.65155588552182,41.2828670124957,407496275,allotments,,,,,,,,,,,,,,,,,,,,,,,,,,,,,,,,,,,,,,,,,,,,,,,,,,
-8.65126195958966,41.2827590882225,407496276,allotments,,,,,,,,,,,,,,,,,,,,,,,,,,,,,,,,,,,,,,,,,,,,,,,,,,
-8.65107855412668,41.2830586447523,407496279,allotments,,,,,,,,,,,,,,,,,,,,,,,,,,,,,,,,,,,,,,,,,,,,,,,,,,
-8.65122227461966,41.2832667067708,407535937,allotments,,,,,,,,,,,,,,,,,,,,,,,,,,,,,,,,,,,,,,,,,,,,,,,,,,
-8.65134633475357,41.2834430650737,407535938,allotments,,,,,,,,,,,,,,,,,,,,,,,,,,,,,,,,,,,,,,,,,,,,,,,,,,
-8.65133212671952,41.2836209801095,407535939,allotments,,,,,,,,,,,,,,,,,,,,,,,,,,,,,,,,,,,,,,,,,,,,,,,,,,
-8.65144728765423,41.2837998619514,407535940,allotments,,,,,,,,,,,,,,,,,,,,,,,,,,,,,,,,,,,,,,,,,,,,,,,,,,
-8.65050901558716,41.2835143529763,407535934,farmland,,,,,,,,,,,,,,,,,,,,,,,,,,,,,,,,,,,,,,,,,,,,,,,,,,
-8.64908914859902,41.2830027463979,407539812,allotments,,,,,,,,,,,,,,,,,,,,,,,,,,,,,,,,,,,,,,,,,,,,,,,,,,
-8.64829714387408,41.2814391065523,407539784,allotments,,,,,,,,,,,,,,,,,,,,,,,,,,,,,,,,,,,,,,,,,,,,,,,,,,
-8.64845938620915,41.2815882114315,407539778,allotments,,,,,,,,,,,,,,,,,,,,,,,,,,,,,,,,,,,,,,,,,,,,,,,,,,
-8.6481096536008,41.2813491448112,407539785,allotments,,,,,,,,,,,,,,,,,,,,,,,,,,,,,,,,,,,,,,,,,,,,,,,,,,
-8.64892815,41.2819338,407539775,,,swimming_pool,,,,,,,no,,,,,,,,,,,,,,,,,,,,,,,,,,,,,,,,,,,,,,,,,personal
-8.64869122711579,41.2821977789027,407539776,allotments,,,,,,,,,,,,,,,,,,,,,,,,,,,,,,,,,,,,,,,,,,,,,,,,,,
-8.64845689876504,41.2830473512358,407539804,allotments,,,,,,,,,,,,,,,,,,,,,,,,,,,,,,,,,,,,,,,,,,,,,,,,,,
-8.64822145857167,41.2831174191912,407539805,meadow,,,,,,,,,,,,,,,,,,,,,,,,,,,,,,,,,,,,,,,,,,,,,,,,,,
-8.64884731671651,41.2835652374194,407539808,allotments,,,,,,,,,,,,,,,,,,,,,,,,,,,,,,,,,,,,,,,,,,,,,,,,,,
-8.65098427363701,41.2841031935228,407535941,allotments,,,,,,,,,,,,,,,,,,,,,,,,,,,,,,,,,,,,,,,,,,,,,,,,,,
-8.65132834518052,41.2843313399062,407535944,allotments,,,,,,,,,,,,,,,,,,,,,,,,,,,,,,,,,,,,,,,,,,,,,,,,,,
-8.65158375658889,41.2844932276646,407535942,allotments,,,,,,,,,,,,,,,,,,,,,,,,,,,,,,,,,,,,,,,,,,,,,,,,,,
-8.65134408969911,41.2842563089772,407535943,allotments,,,,,,,,,,,,,,,,,,,,,,,,,,,,,,,,,,,,,,,,,,,,,,,,,,
-8.6513461734304,41.2846152284954,407535932,farmland,,,,,,,,,,,,,,,,,,,,,,,,,,,,,,,,,,,,,,,,,,,,,,,,,,
-8.65041626469713,41.2843449741086,407075367,forest,,,,,,,,,,,,,,,,,,,,,,,,,,,,,,,,,,,,,,,,,,,,,,,,,,
-8.64918530923747,41.2840564332326,407539807,allotments,,,,,,,,,,,,,,,,,,,,,,,,,,,,,,,,,,,,,,,,,,,,,,,,,,
-8.64952233774174,41.2843534892125,407539798,allotments,,,,,,,,,,,,,,,,,,,,,,,,,,,,,,,,,,,,,,,,,,,,,,,,,,
-8.64974726468404,41.2845706587556,407539797,allotments,,,,,,,,,,,,,,,,,,,,,,,,,,,,,,,,,,,,,,,,,,,,,,,,,,
-8.64992176040149,41.2848137946092,407539796,allotments,,,,,,,,,,,,,,,,,,,,,,,,,,,,,,,,,,,,,,,,,,,,,,,,,,
-8.65071155006003,41.2856958253284,407317659,forest,,,,,,,,,,,,,,,,,,,,,,,,,,,,,,,,,,,,,,,,,,,,,,,,,,
-8.6465106381489,41.2843216250428,407540764,farmland,,,,,,,,,,,,,,,,,,,,,,,,,,,,,,,,,,,,,,,,,,,,,,,,,,
-8.64693072266997,41.2818429968701,407317661,forest,,,,,,,,,,,,,,,,,,,,,,,,,,,,,,,,,,,,,,,,,,,,,,,,,,
-8.65603786427418,41.2867861492278,407075335,farmland,,,,,,,,,,,,,,,,,,,,,,,,,,,,,,,,,,,,,,,,,,,,,,,,,,
-8.65639759636531,41.2880520538453,407075333,farmland,,,,,,,,,,,,,,,,,,,,,,,,,,,,,,,,,,,,,,,,,,,,,,,,,,
-8.65420268053074,41.289163191637,407075337,farmland,,,,,,,,,,,,,,,,,,,,,,,,,,,,,,,,,,,,,,,,,,,,,,,,,,
-8.65110791716362,41.2870245233721,407539786,farmland,,,,,,,,,,,,,,,,,,,,,,,,,,,,,,,,,,,,,,,,,,,,,,,,,,
-8.6515647901666,41.288500500799,428981034,forest,,,,,,,,,,,,,,,,,,,,,,,,,,,,,,,,,,,,,,,,,,,,,,,,,,
-8.65000199294932,41.2882834510774,445766789,meadow,,,,,,,,,,,,,,,,,,,,,,,,,,,,,,,,,,,,,,,,,,,,,,,,,,
-8.64933272010556,41.2889014961237,445766790,residential,,,,,,,,,,,,,,,,,,,,,,,,,,,,,,,,,,,,,,,,,,,,,,,,,,
-8.64904501768289,41.287214280194,407539788,farmland,,,,,,,,,,,,,,,,,,,,,,,,,,,,,,,,,,,,,,,,,,,,,,,,,,
-8.64883659815847,41.2891365880134,445766801,meadow,,,,,,,,,,,,,,,,,,,,,,,,,,,,,,,,,,,,,,,,,,,,,,,,,,
-8.6474189270277,41.2891372137478,445766802,meadow,,,,,,,,,,,,,,,,,,,,,,,,,,,,,,,,,,,,,,,,,,,,,,,,,,
-8.65146856533318,41.2905673018124,445766791,orchard,,,,,,,,,,,,,,,,,,,,,,,,,,,,,,,,,,,,,,,,,,,,,,,,,,
-8.64931915109693,41.2900017409345,445766793,farmland,,,,,,,,,,,,,,,,,,,,,,,,,,,,,,,,,,,,,,,,,,,,,,,,,,
-8.64969433627441,41.2900105991085,445766792,orchard,,,,,,,,,,,,,,,,,,,,,,,,,,,,,,,,,,,,,,,,,,,,,,,,,,
-8.64878664777742,41.2898921281783,445766796,residential,,,,,,,,,,,,,,,,,,,,,,,,,,,,,,,,,,,,,,,,,,,,,,,,,,
-8.64879206225903,41.2901037505512,445766797,farmland,,,,,,,,,,,,,,,,,,,,,,,,,,,,,,,,,,,,,,,,,,,,,,,,,,
-8.64834279631279,41.2900601075917,445766803,,,garden,,,,,,,,,,,,,,,,,,,,,,,,,,,,,,,,,,,,,,,,,,,,,,,,
-8.64840446352464,41.2905160925716,445766805,residential,,,,,,,,,,,,,,,,,,,,,,,,,,,,,,,,,,,,,,,,,,,,,,,,,,
-8.64876991471365,41.2913066041466,445762080,farmland,,,,,,,,,,,,,,,,,,,,,,,,,,,,,,,,,,,,,,,,,,,,,,,,,,
-8.64810301118636,41.2912040348405,445762081,farmland,,,,,,,,,,,,,,,,,,,,,,,,,,,,,,,,,,,,,,,,,,,,,,,,,,
-8.65328288739165,41.2960073723997,435841782,forest,,,,,,,,,,,,,,,,,,,,,,,,,,,,,,,,,,,,,,,,,,,,,,,,,,
-8.6473088375928,41.2921728290649,445762079,farmland,,,,,,,,,,,,,,,,,,,,,,,,,,,,,,,,,,,,,,,,,,,,,,,,,,
-8.6496908866147,41.3005507115882,428981027,forest,,,,,,,,,,,,,,,,,,,,,,,,,,,,,,,,,,,,,,,,,,,,,,,,,,
-8.65301987454217,41.3056151845547,435842888,forest,,,,,,,,,,,,,,,,,,,,,,,,,,,,,,,,,,,,,,,,,,,,,,,,,,
-8.71896561538846,41.3133552419304,350968840,residential,,,,,,,,,,,,,,,,,,,,,,,,,,,,,,,,,,,,,,,,,,,,,,,,,,
-8.71786041223269,41.317339823627,350968858,farmyard,,,,,,,,,,,,,,,,,,,,,,,,,,,,,,,,,,,,,,,,,,,,,,,,,,
-8.71774084960055,41.3185330703463,350968834,farmyard,,,,,,,,,,,,,,,,,,,,,,,,,,,,,,,,,,,,,,,,,,,,,,,,,,
-8.71425890539378,41.3151279725851,686320168,,,,,no,,,,Mindelo,,,,,,station,station,,,,,,,,,,light_rail,Q10275985,Metro do Porto,yes,,,,,,,,,,,,,,,,,,,,,,
-8.71229965574778,41.3191879953381,435825823,forest,,,,,,,,,,,,,,,,,,,,,,,,,,,,,,,,,,,,,,,,,,,,,,,,,,
-8.70229857216851,41.3185358767568,350968937,forest,,,,,,,,,,,,,,,,,,,,,,,,,,,,,,,,,,,,,,,,,,,,,,,,,,
-8.71662339224967,41.3226377997639,350968815,,,,substation,,,,,,,,,,,,,EDP,,,,,,,,,,,,,60000,,,,,,,,,,,,,,,,,,,,,
-8.71479143137616,41.3226626455183,350968816,,,park,,,,,,,,,,,,,,,,,,,,,,,,,,,,,,,,,,,,,,,,,,,,,,,,
-8.71414781665211,41.3271399592477,350968918,industrial,,,,,,,,Zona Industrial da Varziela,,,,,,,,,,,,,,,,,,,,,,,,,,,,,,,,,,,,,,,,,,
-8.71142563427567,41.3197644337805,435825824,forest,,,,,,,,,,,,,,,,,,,,,,,,,,,,,,,,,,,,,,,,,,,,,,,,,,
-8.70923042512389,41.324888245633,435828568,grass,,,,,,,,,,,,,,,,,,,,,,,,,,,,,,,,,,,,,,,,,,,,,,,,,,
-8.70491382999227,41.3197756898492,266448487,industrial,,,,,,,,,,,,,,,,,,,,,,,,,,,,,,,,,,,,,,,,,,,,,,,,,,
-8.70548333140911,41.3236014815297,350968830,forest,,,,,,,,,,,,,,,,,,,,,,,,,,,,,,,,,,,,,,,,,,,,,,,,,,
-8.70490095963565,41.3244861354731,266451349,cemetery,,,,,,,,Cemitério de Fajozes,,,,,,,,,,,,,,,,,,,,,,,,,,,,,,,,,,,,,,,,,,
-8.70435884058408,41.3246008093833,266448607,,,,,church,place_of_worship,christian,catholic,Igreja de São Pedro de Fajozes,,,,,,,,,,,,,,,,,,,,,,,,,,,,,,,,,,,,,,,,,,
-8.70883402006908,41.3256464501625,435828567,grass,,,,,,,,,,,,,,,,,,,,,,,,,,,,,,,,,,,,,,,,,,,,,,,,,,
-8.69709832931783,41.309143900093,350968920,forest,,,,,,,,,,,,,,,,,,,,,,,,,,,,,,,,,,,,,,,,,,,,,,,,,,
-8.69355974783631,41.3114807093789,350968939,forest,,,,,,,,,,,,,,,,,,,,,,,,,,,,,,,,,,,,,,,,,,,,,,,,,,
-8.69929192049769,41.31652205,350968911,forest,,,,,,,,,,,,,,,,,,,,,,,,,,,,,,,,,,,,,,,,,,,,,,,,,,
-8.69931148288754,41.3192629023415,350968856,forest,,,,,,,,,,,,,,,,,,,,,,,,,,,,,,,,,,,,,,,,,,,,,,,,,,
-8.69387671357743,41.314606143748,350968942,forest,,,,,,,,,,,,,,,,,,,,,,,,,,,,,,,,,,,,,,,,,,,,,,,,,,
-8.69441255827771,41.3180650376611,445024624,farmland,,,,,,,,,,,,,,,,,,,,,,,,,,,,,,,,,,,,,,,,,,,,,,,,,,
-8.69669311819846,41.3187471453425,350968873,residential,,,,,,,,,,,,,,,,,,,,,,,,,,,,,,,,,,,,,,,,,,,,,,,,,,
-8.6943673933267,41.3183707068741,445024623,farmland,,,,,,,,,,,,,,,,,,,,,,,,,,,,,,,,,,,,,,,,,,,,,,,,,,
-8.69493373028304,41.3187457011837,445024632,farmland,,,,,,,,,,,,,,,,,,,,,,,,,,,,,,,,,,,,,,,,,,,,,,,,,,
-8.68349825990583,41.3123810011291,350968842,forest,,,,,,,,,,,,,,,,,,,,,,,,,,,,,,,,,,,,,,,,,,,,,,,,,,
-8.68236178357551,41.3141656592169,350968861,forest,,,,,,,,,,,,,,,,,,,,,,,,,,,,,,,,,,,,,,,,,,,,,,,,,,
-8.68985107374993,41.3145617973593,350968843,forest,,,,,,,,,,,,,,,,,,,,,,,,,,,,,,,,,,,,,,,,,,,,,,,,,,
-8.68609273672671,41.3145220275931,350968927,farmland,,,,,,,,,,,,,,,,,,,,,,,,,,,,,,,,,,,,,,,,,,,,,,,,,,
-8.68598323190762,41.3152655747848,350968862,forest,,,,,,,,,,,,,,,,,,,,,,,,,,,,,,,,,,,,,,,,,,,,,,,,,,
-8.68346521527335,41.3164228502598,350968850,forest,,,,,,,,,,,,,,,,,,,,,,,,,,,,,,,,,,,,,,,,,,,,,,,,,,
-8.70116282037115,41.3209193293658,350968883,residential,,,,,,,,,,,,,,,,,,,,,,,,,,,,,,,,,,,,,,,,,,,,,,,,,,
-8.69743664144406,41.3219389997515,350968867,residential,,,,,,,,,,,,,,,,,,,,,,,,,,,,,,,,,,,,,,,,,,,,,,,,,,
-8.69677965729624,41.3251385824797,350968839,residential,,,,,,,,,,,,,,,,,,,,,,,,,,,,,,,,,,,,,,,,,,,,,,,,,,
-8.69563986715036,41.3197241222631,445024633,farmland,,,,,,,,,,,,,,,,,,,,,,,,,,,,,,,,,,,,,,,,,,,,,,,,,,
-8.69485942375253,41.3195925323432,445024627,residential,,,,,,,,,,,,,,,,,,,,,,,,,,,,,,,,,,,,,,,,,,,,,,,,,,
-8.69420238302747,41.3200086637179,445024634,farmland,,,,,,,,,,,,,,,,,,,,,,,,,,,,,,,,,,,,,,,,,,,,,,,,,,
-8.6941116,41.32276765,253257456,,,pitch,,,,,,,,,,,,,,,,,,,,,,,,,,,,,,,,,,,,,,,,,,,,,,,,
-8.69325822910345,41.3249664555413,350968935,forest,,,,,,,,,,,,,,,,,,,,,,,,,,,,,,,,,,,,,,,,,,,,,,,,,,
-8.68353673668469,41.3197297118242,350968915,forest,,,,,,,,,,,,,,,,,,,,,,,,,,,,,,,,,,,,,,,,,,,,,,,,,,
-8.67759349565902,41.3099615762189,350968922,forest,,,,,,,,,,,,,,,,,,,,,,,,,,,,,,,,,,,,,,,,,,,,,,,,,,
-8.67745662139905,41.3144421373072,350968885,forest,,,,,,,,,,,,,,,,,,,,,,,,,,,,,,,,,,,,,,,,,,,,,,,,,,
-8.67839252523118,41.3177446423714,350968853,forest,,,,,,,,,,,,,,,,,,,,,,,,,,,,,,,,,,,,,,,,,,,,,,,,,,
-8.67438965883154,41.3218757869921,642687391,forest,,,,,,,,,,,,,,,,,,,,,,,,,,,,,,,,,,,,,,,,,,,,,,,,,,
-8.65750213888171,41.3223790911448,436115492,forest,,,,,,,,,,,,,,,,,,,,,,,,,,,,,,,,,,,,,,,,,,,,,,,,,,
-8.66090900478727,41.3232809857518,436115487,forest,,,,,,,,,,,,,,,,,,,,,,,,,,,,,,,,,,,,,,,,,,,,,,,,,,
-8.66012672770275,41.3236468866439,436115489,forest,,,,,,,,,,,,,,,,,,,,,,,,,,,,,,,,,,,,,,,,,,,,,,,,,,
-8.65831247369849,41.3245853713334,436115491,forest,,,,,,,,,,,,,,,,,,,,,,,,,,,,,,,,,,,,,,,,,,,,,,,,,,
-8.65529944519228,41.3151938642258,-10245683,forest,,,,,,,,,,,,,,,,,,,,,,,,,,,,,,,,,,,,,,,,,,,,,,,,,,
-8.65372639734694,41.3144213424919,741000311,industrial,,,,,,,,,,,,,,,,,,,,,,,,,,,,,,,,,,,,,,,,,,,,,,,,,,
-8.65377053945885,41.3148413500008,741000312,,,,,,parking,,,,,,,,,,,,,,,,,,,,,,,,,,,,,,,,,,,,,,,,,,,,,
-8.646112762276,41.317396787273,435842891,forest,,,,,,,,,,,,,,,,,,,,,,,,,,,,,,,,,,,,,,,,,,,,,,,,,,
