X,Y,osm_id,highway,name,ref,junction,surface,toll,oneway,service,access,layer,tunnel,bicycle,foot,bridge,route,embankment,horse,tracktype,placement,maxspeed,lanes,minspeed,turn:lanes,change:lanes,destination:lanes,alt_name,destination,crossing,footway,segregated,destination:ref:lanes,destination:ref,wikipedia,route_pref_color,wikidata,network,route_name,incline,postal_code,addr:postcode,ele,addr:city,addr:street
-8.71820474630326,41.2790653510419,132733775,residential,,,,,,,,,,,,,,,,,,,,,,,,,,,,,,,,,,,,,,,,,,
-8.71243743397467,41.278239335318,132733745,tertiary,Rua de Labruge,,,,,,,,,,,,,,,,,,,,,,,,,,,,,,,,,,,,,,,,,
-8.71591210206633,41.2793956049682,132733784,unclassified,,,,,,,,,,,,,,,,,,,,,,,,,,,,,,,,,,,,,,,,,,
-8.71673822206831,41.2799199730389,132733654,residential,,,,,,,,,,,,,,,,,,,,,,,,,,,,,,,,,,,,,,,,,,
-8.71336347990225,41.2802635331545,132733754,unclassified,,,,,,,,,,,,,,,,,,,,,,,,,,,,,,,,,,,,,,,,,,
-8.71800209697315,41.2815440516797,132733737,track,,,,,,,,,,,,,,,,,,,,,,,,,,,,,,,,,,,,,,,,,,
-8.71332217050481,41.2816505021651,427574997,track,,,,,,,,,,,,,,,,,,,,,,,,,,,,,,,,,,,,,,,,,,
-8.71334361352339,41.2828878481697,427574998,track,,,,,,,,,,,,,,,,,,,,,,,,,,,,,,,,,,,,,,,,,,
-8.70928671052704,41.2772189761219,132733774,tertiary,,,,,,,,,,,,,,,,,,,,,,,,,,,,,,,,,,,,,,,,,,
-8.70962395,41.27816785,132733539,unclassified,,,,,,,,,,,,,,,,,,,,,,,,,,,,,,,,,,,,,,,,,,
-8.7088451,41.2797323,132733576,residential,,,,,,,,,,,,,,,,,,,,,,,,,,,,,,,,,,,,,,,,,,
-8.70588230219487,41.2779462770322,59227909,tertiary,,M 531-4,,,,,,,,,,,,,,,,,,,,,,,,,,,,,,,,,,,,,,,,
-8.70380876104833,41.2775866141437,132733532,residential,,,,,,,,,,,,,,,,,,,,,,,,,,,,,,,,,,,,,,,,,,
-8.70359631355094,41.2776600517358,686427884,footway,,,,,,,,,,,,,,,,,,,,,,,,,,,,,,,,,,,,,,,,,,
-8.7034911354063,41.27828285,132733540,unclassified,,,roundabout,,,,,,,,,,,,,,,,,,,,,,,,,,,,,,,,,,,,,,,
-8.70239588323799,41.2784180529342,132733723,unclassified,Travessa da Igreja,,,,,,,,,,,,,,,,,,,,,,,,,,,,,,,,,,,,,,,,,
-8.70476213622348,41.2795057878475,132733744,unclassified,,,,,,,,,,,,,,,,,,,,,,,,,,,,,,,,,,,,,,,,,,
-8.70403035157674,41.280798802672,132744762,residential,,,,,,,,,,,,,,,,,,,,,,,,,,,,,,,,,,,,,,,,,,
-8.70393202325948,41.2787659230231,132733618,residential,Avenida Manuel Diogo,,,,,,,,,,,,,,,,,,,,,,,,,,,,,,,,,,,,,,,,,
-8.7021554,41.27872405,59227923,tertiary,Rua dos Marcos,,,cobblestone,,,,,,,,,,,,,,,,,,,,,,,,,,,,,,,,,,,,,,
-8.7012146869953,41.279149469638,132733542,residential,,,,,,,,,,,,,,,,,,,,,,,,,,,,,,,,,,,,,,,,,,
-8.70116711015263,41.2793478684359,132733712,residential,,,,,,,,,,,,,,,,,,,,,,,,,,,,,,,,,,,,,,,,,,
-8.70308235158732,41.2799072990837,686427883,tertiary,,M 531-4,,,,,,,,,,,,,,,,,,,,,,,,,,,,,,,,,,,,,,,,
-8.70766250004277,41.2828832000572,132744223,unclassified,,,,,,,,,,,,,,,,,,,,,,,,,,,,,,,,,,,,,,,,,,
-8.70903924769928,41.2818096401221,700825936,path,,,,,,,,,,,,,,,,,,,,,,,,,,,,,,,,,,,,,,,,,,
-8.71316409997116,41.2855524001676,132733552,residential,,,,,,,,,,,,,,,,,,,,,,,,,,,,,,,,,,,,,,,,,,
-8.704043034639,41.2833860925325,132744025,residential,,,,,,,,,,,,,,,,,,,,,,,,,,,,,,,,,,,,,,,,,,
-8.70323211164328,41.283627134997,132744566,residential,,,,,,,,,,,,,,,,,,,,,,,,,,,,,,,,,,,,,,,,,,
-8.70248639679035,41.2825710400528,451149382,unclassified,,,,cobblestone,,,,,,,,,,,,,,,,,,,,,,,,,,,,,,,,,,,,,,
-8.70133959151608,41.2844309260421,686427881,unclassified,,,,,,,,,,,,,,,,,,,,,,,,,,,,,,,,,,,,,,,,,,
-8.70238172971243,41.286072664251,132744077,unclassified,,,,cobblestone,,,,,,,,,,,,,,,,,,,,,,,,,,,,,,,,,,,,,,
-8.70195635,41.28610405,735328384,motorway,,A 28,,asphalt,yes,yes,,,,,,,,,,,,right_of:1,120,3,50,||merge_to_left,,,,,,,,,,,,,,,,,,,,
-8.70196885,41.2864287,735343680,motorway,,A 28,,asphalt,yes,yes,,,,,,,,,,,,right_of:1,120,3,50,through|through|right,no|not_left|yes,||Área de Serviço,,,,,,,,,,,,,,,,,,
-8.7218252,41.29192065,132744525,unclassified,,,,,,,,,,,,,,,,,,,,,,,,,,,,,,,,,,,,,,,,,,
-8.71929547742429,41.2943693275901,132744195,unclassified,Rua da Lavandeira,,,paved,,,,,,,,,,,,,,,50,,,,,,,,,,,,,,,,,,,,,,,
-8.71935894991159,41.2958711462401,132744219,residential,,,,,,,,,,,,,,,,,,,,,,,,,,,,,,,,,,,,,,,,,,
-8.71955094398511,41.2968446517083,132744500,residential,,,,,,,,,,,,,,,,,,,,,,,,,,,,,,,,,,,,,,,,,,
-8.7181883,41.29665025,132744730,residential,,,,,,,,,,,,,,,,,,,,,,,,,,,,,,,,,,,,,,,,,,
-8.71672800458474,41.2937652405068,132744541,residential,,,,,,,,,,,,,,,,,,,,,,,,,,,,,,,,,,,,,,,,,,
-8.714537,41.29463025,308871467,residential,,,,,,,,,,,,,,,,,,,,,,,,,,,,,,,,,,,,,,,,,,
-8.71739110207519,41.2952907485734,132744640,residential,,,,,,,,,,,,,,,,,,,,,,,,,,,,,,,,,,,,,,,,,,
-8.7163766475218,41.2960455462365,745188328,residential,,,,,,,,,,,,,,,,,,,,,,,,,,,,,,,,,,,,,,,,,,
-8.71602020881118,41.2951648225477,132744599,residential,,,,,,,,,,,,,,,,,,,,,,,,,,,,,,,,,,,,,,,,,,
-8.71729191513491,41.29660499879,745188326,residential,,,,,,yes,,,,,,,,,,,,,,,,,,,,,,,,,,,,,,,,,,,,
-8.7138615,41.2951217,308871468,residential,,,,,,,,,,,,,,,,,,,,,,,,,,,,,,,,,,,,,,,,,,
-8.7129962,41.2950427,308871469,residential,,,,,,,,,,,,,,,,,,,,,,,,,,,,,,,,,,,,,,,,,,
-8.70801397095395,41.2916665087795,686429551,unclassified,,,,cobblestone,,,,,,,,,,,,,,,,,,,,,,,,,,,,,,,,,,,,,,
-8.7046855,41.2879355,735328377,service,,,,asphalt,,yes,parking_aisle,,,,,,,,,,,,40,,,,,,,,,,,,,,,,,,,,,,,
-8.70415295310259,41.2882422487707,288722028,service,,,,asphalt,,yes,parking_aisle,,,,,,,,,,,,40,,,,,,,,,,,,,,,,,,,,,,,
-8.7043166,41.28826175,288722029,service,,,,asphalt,,yes,parking_aisle,,,,,,,,,,,,40,,,,,,,,,,,,,,,,,,,,,,,
-8.70391411409457,41.288428238959,288722030,service,,,,asphalt,,yes,parking_aisle,,,,,,,,,,,,40,,,,,,,,,,,,,,,,,,,,,,,
-8.70429490073048,41.2886654510604,288722027,service,,,,asphalt,,yes,parking_aisle,,,,,,,,,,,,40,,,,,,,,,,,,,,,,,,,,,,,
-8.7050527,41.28875225,735328383,service,,,,asphalt,,yes,,,,,,,,,,,,,40,,,,,,,,,,,,,,,,,,,,,,,
-8.70528058924759,41.2887363866538,132744589,service,,,,asphalt,,yes,,,,,,,,,,,,,40,,,,,,,,,,,,,,,,,,,,,,,
-8.70490024298669,41.2887867894013,132744015,service,,,,asphalt,,yes,,,,,,,,,,,,,40,,,,,,,,,,,,,,,,,,,,,,,
-8.70461490001401,41.2887489499946,288722026,service,,,,,,yes,parking_aisle,,,,,,,,,,,,40,,,,,,,,,,,,,,,,,,,,,,,
-8.70393016731231,41.2887908371627,288722014,services,Área de Serviço Vila do Conde,,,,,,,,,,,,,,,,,,,,,,,,Área de Serviço de Modivas,,,,,,,,,,,,,,,,,
-8.70393485,41.2892574,735343676,motorway,,A 28,,asphalt,yes,yes,,,,,,,,,,,,,120,2,50,,,,,,,,,,,,,,,,,,,,,
-8.70263178189014,41.2869649102525,735328387,motorway_link,,,,asphalt,,yes,,,,,,,,,,,,,40,1,,,,,,,,,,,,,,,,,,,,,,
-8.70257155,41.28729205,735343678,motorway,,A 28,,asphalt,yes,yes,,,,,,,,,,,,,120,2,50,,no|no,,,,,,,,,,,,,,,,,,,
-8.70382234699968,41.2875773495585,132744770,service,,,,asphalt,,yes,,,,,,,,,,,,,40,,,,,,,,,,,,,,,,,,,,,,,
-8.70262856607079,41.2876451650748,735343682,motorway_link,,,,asphalt,,yes,,,,,,,,,,,,,40,1,,,,,,Área de Serviço de Vila do Conde,,,,,,,,,,,,,,,,
-8.70348565,41.2879572,107434314,service,,,,asphalt,,yes,,,,,,,,,,,,,40,,,,,,,,,,,,,,,,,,,,,,,
-8.70320615,41.2878978,735328385,motorway,,A 28,,asphalt,yes,yes,,,,,,,,,,,,,120,2,50,,,,,,,,,,,,,,,,,,,,,
-8.7028938,41.28832055,735343673,service,,,,asphalt,,yes,,,,,,,,,,,,,40,,,,,,,,,,,,,,,,,,,,,,,
-8.70267894367393,41.2882352117426,735343674,service,,,,asphalt,,yes,,,,,,,,,,,,,40,,,,,,,,,,,,,,,,,,,,,,,
-8.70363771566591,41.289367372899,735343670,service,,,,asphalt,,yes,parking_aisle,,,,,,,,,,,,40,,,,,,,,,,,,,,,,,,,,,,,
-8.70322825,41.2890936,288722022,service,,,,asphalt,,yes,parking_aisle,,,,,,,,,,,,40,,,,,,,,,,,,,,,,,,,,,,,
-8.70287804997752,41.2889695500084,288722021,service,,,,asphalt,,yes,parking_aisle,,,,,,,,,,,,40,,,,,,,,,,,,,,,,,,,,,,,
-8.70251469998735,41.2888186499813,735343667,service,,,,asphalt,,yes,,,,,,,,,,,,,40,,,,,,,,,,,,,,,,,,,,,,,
-8.70227527369934,41.2890678524224,132744558,service,,,,asphalt,,yes,,,,,,,,,,,,,40,,,,,,,,,,,,,,,,,,,,,,,
-8.7024497,41.2890084,735343672,service,,,,asphalt,,yes,,,,,,,,,,,,,40,,,,,,,,,,,,,,,,,,,,,,,
-8.70475367259774,41.2893056577712,735328380,service,,,,asphalt,,yes,,customers,,,,,,,,,,,40,,,,,,,,,,,,,,,,,,,,,,,
-8.70460605,41.2894386,735328382,service,,,,asphalt,,yes,,,,,,,,,,,,,40,,,,,,,,,,,,,,,,,,,,,,,
-8.70492548164778,41.2901834496949,735328388,motorway_link,,,,asphalt,,yes,,,,,,,,,,,,,40,1,,,,,,Área de Serviço de Vila do Conde,,,,,,,,,,,,,,,,
-8.70489165,41.29032605,735328386,motorway,,A 28,,asphalt,yes,yes,,,,,,,,,,,,,120,2,50,,no|no,,,,,,,,,,,,,,,,,,,
-8.70482122386742,41.2906737248619,735343677,motorway_link,,,,asphalt,,yes,,,,,,,,,,,,,40,1,,,,,,,,,,,,,,,,,,,,,,
-8.7053844,41.2910466,735328389,motorway,,A 28,,asphalt,yes,yes,,,,,,,,,,,,right_of:1,120,3,50,through|through|right,no|not_left|yes,||Área de Serviço,,,,,,,,,,,,,,,,,,
-8.7056570585742,41.2918059148324,735343675,motorway,,A 28,,asphalt,yes,yes,,,,,,,,,,,,right_of:1,120,3,50,||merge_to_left,,,,,,,,,,,,,,,,,,,,
-8.7040808,41.289888,132744676,service,,,,asphalt,,yes,,,,,,,,,,,,,40,,,,,,,,,,,,,,,,,,,,,,,
-8.70323245,41.2895371,288722024,service,,,,asphalt,,yes,parking_aisle,,,,,,,,,,,,40,,,,,,,,,,,,,,,,,,,,,,,
-8.70339420029525,41.2895526498846,288722023,service,,,,asphalt,,yes,,,,,,,,,,,,,40,,,,,,,,,,,,,,,,,,,,,,,
-8.70325504429231,41.289877619805,132744165,service,,,,asphalt,,yes,,,,,,,,,,,,,40,,,,,,,,,,,,,,,,,,,,,,,
-8.70371224992122,41.289956349878,735343668,service,,,,asphalt,,yes,parking_aisle,,,,,,,,,,,,40,,,,,,,,,,,,,,,,,,,,,,,
-8.7079759,41.2942602,107434393,unclassified,,,,,,,,,,,,,,,,,,,,,,,,,,,,,,,,,,,,,,,,,,
-8.7115160397983,41.2951579531087,132744124,unclassified,Rua da Lavandeira,,,paved,,,,,,,,,,,,,,,50,,,,,,,,,,,,,,,,,,,,,,,
-8.7075351,41.29612615,132744319,unclassified,,,,,,,,,,,,,,,,,,,,,,,,,,,,,,,,,,,,,,,,,,
-8.70675768945459,41.2961026981832,387757435,unclassified,Rua da Fonte,,,cobblestone,,no,,,,,,,,,,,,,50,,,,,,,,,,,,,,,,,,,,,,,
-8.70750684939882,41.2966869473089,132744460,unclassified,,,,,,,,,,,,,,,,,,,,,,,,,,,,,,,,,,,,,,,,,,
-8.70740365,41.29667555,387757442,unclassified,,,,,,yes,,,,,,,,,,,,,,,,,,,,,,,,,,,,,,,,,,,,
-8.7074174,41.2967371,387757443,unclassified,,,,,,yes,,,,,,,,,,,,,,,,,,,,,,,,,,,,,,,,,,,,
-8.70738982588296,41.296411259459,387757437,cycleway,,,,,,,,,,,,,,,,,,,,,,,,,,,,,,,,,,,,,,,,,,
-8.70714344448327,41.2969245424265,135458015,service,,,,,,yes,parking_aisle,,,,,,,,,,,,,,,,,,,,,,,,,,,,,,,,,,,
-8.70762765000561,41.2976343000127,135457886,service,,,,,,yes,parking_aisle,,,,,,,,,,,,,,,,,,,,,,,,,,,,,,,,,,,
-8.7072084,41.2972522,135457879,service,,,,,,yes,parking_aisle,,,,,,,,,,,,,,,,,,,,,,,,,,,,,,,,,,,
-8.70708145,41.2971458,135457838,service,,,,,,yes,parking_aisle,,,,,,,,,,,,,,,,,,,,,,,,,,,,,,,,,,,
-8.707279,41.29737965,135457841,service,,,,,,yes,parking_aisle,,,,,,,,,,,,,,,,,,,,,,,,,,,,,,,,,,,
-8.70645805,41.2920295,107434394,unclassified,,,,cobblestone,,,,,,,,,,,,,,,,,,,,,,,,,,,,,,,,,,,,,,
-8.70640270467016,41.2930836169389,735328390,motorway,,A 28,,asphalt,yes,yes,,,,,,,,,,,,,120,2,50,"through|through;right",,,,,,,,,,,,,,,,,,,,
-8.70638095314245,41.2947898696527,735343681,motorway,,A 28,,asphalt,yes,yes,,,,,,,,,,,,,120,2,50,,,,,,,,,,,,,,,,,,,,,
-8.70618895,41.29604025,387757434,unclassified,Rua da Fonte,,,cobblestone,,no,,,-1,yes,,,,,,,,,50,,,,,,,,,,,,,,,,,,,,,,,
-8.70616146361538,41.2963413685964,735328391,motorway,,A 28,,asphalt,yes,yes,,,,,,,,,,,,,120,2,50,,,,,,,,,,,,,,,,,,,,,
-8.70643001181649,41.2977060316564,135458088,service,,,,,,yes,parking_aisle,,,,,,,,,,,,,,,,,,,,,,,,,,,,,,,,,,,
-8.71996664573296,41.3004825324677,132749766,unclassified,,,,,,,,,,,,,,,,,,,,,,,,,,,,,,,,,,,,,,,,,,
-8.71426546416136,41.3005341943016,132749757,unclassified,,,,sett,,,,,,,,,,,,,,,,,,,,,,,,,,,,,,,,,,,,,,
-8.71614089484711,41.3053287936401,132749778,unclassified,,,,sett,,,,,,,,,,,,,,,,,,,,,,,,,,,,,,,,,,,,,,
-8.7099524,41.3001244,135457980,service,,,,,,yes,parking_aisle,,,,,,,,,,,,,,,,,,,,,,,,,,,,,,,,,,,
-8.70957159981732,41.2998640501005,135457997,service,,,,,,,parking_aisle,,,,,,,,,,,,,,,,,,,,,,,,,,,,,,,,,,,
-8.70813895,41.29862855,135457822,service,,,,,,yes,parking_aisle,,,,,,,,,,,,,,,,,,,,,,,,,,,,,,,,,,,
-8.7084028,41.2988398,135457865,service,,,,,,yes,parking_aisle,,,,,,,,,,,,,,,,,,,,,,,,,,,,,,,,,,,
-8.7074107,41.2976414,135457884,service,,,,,,yes,parking_aisle,,,,,,,,,,,,,,,,,,,,,,,,,,,,,,,,,,,
-8.7074865,41.2977717,135457861,service,,,,,,yes,parking_aisle,,,,,,,,,,,,,,,,,,,,,,,,,,,,,,,,,,,
-8.70755535,41.2979011,135457826,service,,,,,,yes,parking_aisle,,,,,,,,,,,,,,,,,,,,,,,,,,,,,,,,,,,
-8.70761775,41.2980386,135457821,service,,,,,,yes,parking_aisle,,,,,,,,,,,,,,,,,,,,,,,,,,,,,,,,,,,
-8.70740814821298,41.2980040457449,135457889,service,,,,,,yes,parking_aisle,,,,,,,,,,,,,,,,,,,,,,,,,,,,,,,,,,,
-8.70767755,41.2981689,135457864,service,,,,,,yes,parking_aisle,,,,,,,,,,,,,,,,,,,,,,,,,,,,,,,,,,,
-8.7072405983039,41.2980323976112,135457974,service,,,,,,yes,parking_aisle,,,,,,,,,,,,,,,,,,,,,,,,,,,,,,,,,,,
-8.70689265017963,41.2976989499257,135458109,service,,,,,,yes,parking_aisle,,,,,,,,,,,,,,,,,,,,,,,,,,,,,,,,,,,
-8.7067531,41.2982367,135457880,service,,,,,,yes,parking_aisle,,,,,,,,,,,,,,,,,,,,,,,,,,,,,,,,,,,
-8.707886,41.2984172,135457844,service,,,,,,yes,parking_aisle,,,,,,,,,,,,,,,,,,,,,,,,,,,,,,,,,,,
-8.70800775,41.2985239,135457862,service,,,,,,yes,parking_aisle,,,,,,,,,,,,,,,,,,,,,,,,,,,,,,,,,,,
-8.70706854890602,41.2981044984542,135458001,service,,,,,,yes,parking_aisle,,,,,,,,,,,,,,,,,,,,,,,,,,,,,,,,,,,
-8.70691115,41.29817045,135457982,service,,,,,,yes,parking_aisle,,,,,,,,,,,,,,,,,,,,,,,,,,,,,,,,,,,
-8.70702389860259,41.2986046999505,135457784,service,,,,,,,parking_aisle,,,,,,,,,,,,,,,,,,,,,,,,,,,,,,,,,,,
-8.70712551946809,41.2987528055012,135457963,service,,,,,,yes,parking_aisle,,,,,,,,,,,,,,,,,,,,,,,,,,,,,,,,,,,
-8.7089676,41.29910905,135457845,service,,,,,,yes,parking_aisle,,,,,,,,,,,,,,,,,,,,,,,,,,,,,,,,,,,
-8.70857635,41.2991726,135457846,service,,,,,,yes,parking_aisle,,,,,,,,,,,,,,,,,,,,,,,,,,,,,,,,,,,
-8.70841865,41.2992482,135457878,service,,,,,,yes,parking_aisle,,,,,,,,,,,,,,,,,,,,,,,,,,,,,,,,,,,
-8.70828061455536,41.2990292878424,409048574,footway,,,,,,,,,,,,,,,,,,,,,,,,,,,,,,,,,,,,,,,,,,
-8.70848165,41.29938295,409048577,footway,,,,,,,,,,,,,,,,,,,,,,,,,,,zebra,crossing,,,,,,,,,,,,,,
-8.7082745,41.2993285,135457829,service,,,,,,yes,parking_aisle,,,,,,,,,,,,,,,,,,,,,,,,,,,,,,,,,,,
-8.70812549083769,41.299430756469,409048578,service,,,,,,yes,parking_aisle,,,,,,,,,,,,,,,,,,,,,,,,,,,,,,,,,,,
-8.7080525,41.29944745,409048579,footway,,,,,,,,,,,,,,,,,,,,,,,,,,,,,,,,,,,,,,,,,,
-8.70830645021724,41.2995276999097,135457798,service,,,,,,yes,parking_aisle,,,,,,,,,,,,,,,,,,,,,,,,,,,,,,,,,,,
-8.70811285,41.299526,409048580,footway,,,,,,,,,,,,,,,,,,,,,,,,,,,,,,,,,,,,,,,,,,
-8.7081504,41.29958595,409048583,footway,,,,,,,,,,,,,,,,,,,,,,,,,,,zebra,crossing,,,,,,,,,,,,,,
-8.70918199659036,41.2996001466477,135458011,service,,,,,,yes,parking_aisle,,,,,,,,,,,,,,,,,,,,,,,,,,,,,,,,,,,
-8.70966572284945,41.2996141722264,135457924,service,,,,,,yes,parking_aisle,,,,,,,,,,,,,,,,,,,,,,,,,,,,,,,,,,,
-8.7084021,41.29899975,135457814,service,,,,,,,parking_aisle,,,,,,,,,,,,,,,,,,,,,,,,,,,,,,,,,,,
-8.7075974583324,41.2990421587525,409048573,footway,,,,,,,,,,,,,,,,,,,,,,,,,,,,,,,,,,,,,,,,,,
-8.70738696156698,41.2992003778199,135458117,service,,,,,,yes,parking_aisle,,,,,,,,,,,,,,,,,,,,,,,,,,,,,,,,,,,
-8.70797941350908,41.2992373407829,409048576,footway,,,,,,,,,,,,,,,,,,,,,,,,,,,,,,,,,,,,,,,,,,
-8.7079056,41.2992454,409048575,footway,,,,,,,,,,,,,,,,,,,,,,,,,,,,,,,,,,,,,,,,,,
-8.7079935,41.2994699,135457863,service,,,,,,yes,parking_aisle,,,,,,,,,,,,,,,,,,,,,,,,,,,,,,,,,,,
-8.70775785,41.2994568,135457824,service,,,,,,yes,parking_aisle,,,,,,,,,,,,,,,,,,,,,,,,,,,,,,,,,,,
-8.707801,41.29966705,409048581,footway,,,,,,,,,,,,,,,,,,,,,,,,,,,zebra,crossing,,,,,,,,,,,,,,
-8.70722900571876,41.299313157905,135458033,service,,,,,,yes,parking_aisle,,,,,,,,,,,,,,,,,,,,,,,,,,,,,,,,,,,
-8.70704972566251,41.2993561262405,135458044,service,,,,,,yes,parking_aisle,,,,,,,,,,,,,,,,,,,,,,,,,,,,,,,,,,,
-8.70668778443476,41.2990750702593,135458043,tertiary,,,,,,yes,,,,,,,,,,,,,,,,,,,,,,,,,,,,,,,,,,,,
-8.70669403247382,41.299102433407,135458041,tertiary,,,,,,yes,,,,,,,,,,,,,,,,,,,,,,,,,,,,,,,,,,,,
-8.7097594157798,41.2996258266675,387757456,cycleway,,,,,,,,,,,,,,,,,,,,,,,,,,,,,,,,,,,,,,,,,,
-8.7069319,41.299417,135457885,tertiary,,,,,,,,,,,,,,,,,,,,,,,,,,,,,,,,,,,,,,,,,,
-8.70683541926219,41.299509112315,135458050,service,,,,,,yes,parking_aisle,,,,,,,,,,,,,,,,,,,,,,,,,,,,,,,,,,,
-8.7078453,41.2997058,409048582,footway,,,,,,,,,,,,,,,,,,,,,,,,,,,zebra,crossing,,,,,,,,,,,,,,
-8.70715920746713,41.2997112586986,135458039,tertiary,,,,,,yes,,,,,,,,,,,,,,,,,,,,,,,,,,,,,,,,,,,,
-8.70714886560081,41.2997529282423,135458031,tertiary,,,,,,yes,,,,,,,,,,,,,,,,,,,,,,,,,,,,,,,,,,,,
-8.70711168547662,41.2999410551827,135457957,tertiary,,,roundabout,,,,,,,,,,,,,,,,,,,,,,,,,,,,,,,,,,,,,,,
-8.71153246913215,41.3008764494528,387757447,unclassified,,,,,,yes,,,,,,,,,,,,,,,,,,,,,,,,,,,,,,,,,,,,
-8.7111736409256,41.3010176848973,387757445,unclassified,,,,,,yes,,,,,,,,,,,,,,,,,,,,,,,,,,,,,,,,,,,,
-8.71133990141183,41.3010373568466,387757446,unclassified,,,,,,yes,,,,,,,,,,,,,,,,,,,,,,,,,,,,,,,,,,,,
-8.71137377216303,41.3010769297568,387757453,unclassified,,,,,,yes,,,,,,,,,,,,,,,,,,,,,,,,,,,,,,,,,,,,
-8.71039125069317,41.3005097507539,387757452,path,,,,,,,,,,,designated,designated,,,,,,,,,,,,,,,,,no,,,,,,,,,,,,,
-8.70996366509661,41.3007222410782,135457799,secondary,,,,asphalt,,yes,,,,,,,,,,,,,,1,,,,,,,,,,,,,,,,,,,,,,
-8.71000806045094,41.30076759405,135457802,secondary,,,,asphalt,,yes,,,,,,,,,,,,,,1,,,,,,,,,,,,,,,,,,,,,,
-8.709784,41.3011904,135457965,service,,,,,,,parking_aisle,,,,,,,,,,,,,,,,,,,,,,,,,,,,,,,,,,,
-8.7101412,41.3016504,135457966,service,,,,,,,parking_aisle,,,,,,,,,,,,,,,,,,,,,,,,,,,,,,,,,,,
-8.7098739,41.3013031,135457962,service,,,,,,,parking_aisle,,,,,,,,,,,,,,,,,,,,,,,,,,,,,,,,,,,
-8.71059491312767,41.3015569717149,135458010,service,,,,,,,parking_aisle,,,,,,,,,,,,,,,,,,,,,,,,,,,,,,,,,,,
-8.70996595144347,41.3014227994062,135457975,service,,,,,,,parking_aisle,,,,,,,,,,,,,,,,,,,,,,,,,,,,,,,,,,,
-8.7100517,41.3015341,135458002,service,,,,,,,parking_aisle,,,,,,,,,,,,,,,,,,,,,,,,,,,,,,,,,,,
-8.70960935,41.3016422,135457785,service,,,,,,,parking_aisle,,,,,,,,,,,,,,,,,,,,,,,,,,,,,,,,,,,
-8.70896935031472,41.3011821783695,409048966,service,,,,,,,,,,,,,,,,,,,,,,,,,,,,,,,,,,,,,,,,,,
-8.70889678784574,41.301277427906,387757451,path,,,,,,,,,,,designated,designated,,,,,,,,,,,,,,,,,no,,,,,,,,,,,,,
-8.70866372383228,41.3014735490629,135457934,secondary,,,roundabout,asphalt,,,,,,,,,,,,,,,,2,,,,,,,,,,,,,,,,,,,,,,
-8.70863125,41.30175205,135458034,service,,,,,,yes,parking_aisle,,,,,,,,,,,,,,,,,,,,,,,,,,,,,,,,,,,
-8.70867290733399,41.3015821983543,387757444,cycleway,,,,,,,,,,,,,,,,,,,,,,,,,,,,,,,,,,,,,,,,,,
-8.7077419,41.3004763,135457789,tertiary,,,,,,yes,,,,,,,,,,,,,,,,,,,,,,,,,,,,,,,,,,,,
-8.70772605,41.30058445,135457786,tertiary,,,,,,yes,,,,,,,,,,,,,,,,,,,,,,,,,,,,,,,,,,,,
-8.7076053,41.30087155,409046734,unclassified,,,,,,,,,,,,,,,,,,,,,,,,,,,,,,,,,,,,,,,,,,
-8.70776374670195,41.3015021455152,409047739,footway,,,,,,,,,,,,,,,,,,,,,,,,,,,zebra,crossing,,,,,,,,,,,,,,
-8.7079715,41.30157875,557947223,footway,,,,,,,,,,,designated,designated,,,,,,,,,,,,,,,zebra,crossing,no,,,,,,,,,,,,,
-8.70801409418216,41.3016401920827,387757450,footway,,,,,,,,,,,designated,designated,,,,,,,,,,,,,,,zebra,crossing,no,,,,,,,,,,,,,
-8.7079236263772,41.301439267247,387757455,service,,,,,,,,,,,,,,,,,,,,,,,,,,,,,,,,,,,,,,,,,,
-8.70859221696519,41.3017633113744,135458035,service,,,,,,yes,parking_aisle,,,,,,,,,,,,,,,,,,,,,,,,,,,,,,,,,,,
-8.70750082256323,41.3020310710536,135457811,service,,,,,,yes,parking_aisle,,,,,,,,,,,,,,,,,,,,,,,,,,,,,,,,,,,
-8.7084655,41.3023216,387757441,service,,,,,,no,parking_aisle,,,,,,,,,,,,,,,,,,,,,,,,,,,,,,,,,,,
-8.70812045000228,41.3024950499991,387757448,service,,,,,,yes,parking_aisle,,,,,,,,,,,,,,,,,,,,,,,,,,,,,,,,,,,
-8.7092417,41.3026516,409053937,service,,,,gravel,,,,,,,,,,,,,,,,,,,,,,,,,,,,,,,,,,,,,,
-8.70701834866214,41.3023329505485,387757449,service,,,,,,no,parking_aisle,,,,,,,,,,,,,,,,,,,,,,,,,,,,,,,,,,,
-8.7076311499996,41.3024629499994,387757457,service,,,,,,,parking_aisle,,,,,,,,,,,,,,,,,,,,,,,,,,,,,,,,,,,
-8.70706755,41.3024797,135457988,service,,,,,,no,parking_aisle,,,,,,,,,,,,,,,,,,,,,,,,,,,,,,,,,,,
-8.7073591,41.3018651,135457805,secondary,,,,asphalt,,yes,,,,,,,,,,,,,,2,,,,,,,,,,,,,,,,,,,,,,
-8.70665204999454,41.3022394500022,135458086,secondary,,,,asphalt,,yes,,,,,,,,,,,,,,2,,,,,,,,,,,,,,,,,,,,,,
-8.70723654967471,41.3027060001319,135457971,service,,,,,,no,parking_aisle,,,,,,,,,,,,,,,,,,,,,,,,,,,,,,,,,,,
-8.70714344830033,41.3025813007033,135457964,service,,,,,,no,parking_aisle,,,,,,,,,,,,,,,,,,,,,,,,,,,,,,,,,,,
-8.70757002001448,41.3027151498717,135457788,service,,,,,,yes,parking_aisle,,,,,,,,,,,,,,,,,,,,,,,,,,,,,,,,,,,
-8.70621866383574,41.29769607987,135458111,service,,,,,,yes,parking_aisle,,,,,,,,,,,,,,,,,,,,,,,,,,,,,,,,,,,
-8.70629332994156,41.2981816937398,135458032,service,,,,,,yes,parking_aisle,,,,,,,,,,,,,,,,,,,,,,,,,,,,,,,,,,,
-8.70530921212902,41.2983392872757,135457939,unclassified,,,,,,,,,,,,,,,,,,,,,,,,,,,,,,,,,,,,,,,,,,
-8.70646495,41.29813025,135457978,service,,,,,,yes,parking_aisle,,,,,,,,,,,,,,,,,,,,,,,,,,,,,,,,,,,
-8.70629790610102,41.2985646587863,135458052,service,,,,,,,parking_aisle,,,,,,,,,,,,,,,,,,,,,,,,,,,,,,,,,,,
-8.70643807296312,41.2989057452371,135457816,tertiary,,,roundabout,,,,,,,,,,,,,,,,,,,,,,,,,,,,,,,,,,,,,,,
-8.7061652,41.2985834,135458014,service,,,,,,yes,parking_aisle,,,,,,,,,,,,,,,,,,,,,,,,,,,,,,,,,,,
-8.70595995,41.29888955,135457842,service,,,,,,yes,parking_aisle,,,,,,,,,,,,,,,,,,,,,,,,,,,,,,,,,,,
-8.70461816058637,41.2982432399031,734940423,motorway,,A 28,,asphalt,yes,yes,,,,,,,,,,,,,120,2,50,"through|through;right",,,,,,,,,,,,,,,,,,,,
-8.7052764551885,41.2985514449422,135457888,service,,,,,,yes,parking_aisle,,,,,,,,,,,,,,,,,,,,,,,,,,,,,,,,,,,
-8.7049933,41.299029,135457801,service,,,,,,yes,parking_aisle,,,,,,,,,,,,,,,,,,,,,,,,,,,,,,,,,,,
-8.70665274995617,41.2995752499397,135458046,service,,,,,,yes,parking_aisle,,,,,,,,,,,,,,,,,,,,,,,,,,,,,,,,,,,
-8.70652165,41.2996661,135457876,service,,,,,,yes,parking_aisle,,,,,,,,,,,,,,,,,,,,,,,,,,,,,,,,,,,
-8.70637120283968,41.2997505539892,135457979,service,,,,,,yes,parking_aisle,,,,,,,,,,,,,,,,,,,,,,,,,,,,,,,,,,,
-8.7057082,41.29911645,135457825,service,,,,,,yes,parking_aisle,,,,,,,,,,,,,,,,,,,,,,,,,,,,,,,,,,,
-8.7059885000303,41.2993582499774,135457803,service,,,,,,yes,parking_aisle,,,,,,,,,,,,,,,,,,,,,,,,,,,,,,,,,,,
-8.7060714501998,41.2999216502737,135457981,service,,,,,,yes,parking_aisle,,,,,,,,,,,,,,,,,,,,,,,,,,,,,,,,,,,
-8.70544315,41.2993326,135457827,service,,,,,,yes,parking_aisle,,,,,,,,,,,,,,,,,,,,,,,,,,,,,,,,,,,
-8.70622455,41.29983395,135457877,service,,,,,,yes,parking_aisle,,,,,,,,,,,,,,,,,,,,,,,,,,,,,,,,,,,
-8.70546892786108,41.2999098427643,135457806,service,,,,,,yes,parking_aisle,,,,,,,,,,,,,,,,,,,,,,,,,,,,,,,,,,,
-8.705917,41.30001,135457860,service,,,,,,yes,parking_aisle,,,,,,,,,,,,,,,,,,,,,,,,,,,,,,,,,,,
-8.70531025,41.29944,135457993,service,,,,,,yes,parking_aisle,,,,,,,,,,,,,,,,,,,,,,,,,,,,,,,,,,,
-8.705356,41.29974565,409052976,footway,,,,,,,,,,,,,,,,,,,,,,,,,,,zebra,crossing,,,,,,,,,,,,,,
-8.7054149,41.2998379,409052977,footway,,,,,,,,,,,,,,,,,,,,,,,,,,,zebra,crossing,,,,,,,,,,,,,,
-8.70529744816519,41.298992851756,135457890,service,,,,,,yes,parking_aisle,,,,,,,,,,,,,,,,,,,,,,,,,,,,,,,,,,,
-8.70475255021466,41.2991267001495,135458013,service,,,,,,,parking_aisle,,,,,,,,,,,,,,,,,,,,,,,,,,,,,,,,,,,
-8.7039472077179,41.2994982170361,135458030,unclassified,,,,,,,,,,,,,,,,,,,,,,,,,,,,,,,,,,,,,,,,,,
-8.7037581,41.29895005,734940421,motorway,,A 28,,asphalt,yes,yes,,,,,,,,,,,,,120,2,50,"through|through;right",no|no,,,,,,,,,,,,,,,,,,,
-8.7028275,41.29959085,734940422,motorway,,A 28,,asphalt,yes,yes,,,,,,,,,,,,right_of:1,120,3,50,through|through|right,no|not_left|yes,"Valença;Viana do Castelo;Vila do Conde|Mindelo;Valença;Viana do Castelo;Vila do Conde|Maia;Modivas",,,,,,"A 28|N 13;A 28;A 28;A 28|N 13",,,,,,,,,,,,
-8.7034074040208,41.2993971972437,734940425,motorway,,A 28,,asphalt,yes,yes,,,,,,,,,,,,right_of:1,120,3,50,||merge_to_left,,,,,,,,,,,,,,,,,,,,
-8.70381285,41.29990845,686325070,footway,,,,,,,,,,,,,,,,,,,,,,,,,,,,,,,,,,,,,,,,,,
-8.7037731,41.29995775,686325071,steps,,,,,,,,,,,,,,,,,,,,,,,,,,,,,,,,,,,,,,,,,,
-8.7038014,41.30006745,686325072,footway,,,,,,,,,,,,,,,,,,,,,,,,,,,,,,,,,,,,,,,,,,
-8.7038156,41.30013245,686325069,footway,,,,,,,,,,,,,,,,,,,,,,,,,,,,,,,,,,,,,,,,,,
-8.7022322,41.29998645,734940420,motorway,,A 28,,asphalt,yes,yes,,,,,,,,,,,,,120,2,50,,no|no,,,,,,,,,,,,,,,,,,,
-8.7060373,41.30035495,409046755,footway,,,,,,,,,,,,,,,,,,,,,,,,,,,zebra,crossing,,,,,,,,,,,,,,
-8.70465479809181,41.301066147296,135457804,service,,,,,,yes,parking_aisle,,,,,,,,,,,,,,,,,,,,,,,,,,,,,,,,,,,
-8.70499825,41.3004757,409049139,pedestrian,,,,,,,,,,,,,,,,,,,,,,,,,,,,,,,,,,,,,,,,,,
-8.70413806116109,41.3004691274132,686325064,footway,,,,,,,,,,,,,,,,,,,,,,,,,,,,,,,,,,,,,,,,,,
-8.70438810062261,41.300730749639,686325068,footway,,,,,,,,,,,,,,,,,,,,,,,,,,,,,,,,,,,,,,,,,,
-8.7043244,41.30076755,686325067,steps,,,,,,,,,,,,,,,,,,,,,,,,,,,,,,,,,,,,,,,,,,
-8.7042723,41.30076805,686325066,footway,,,,,,,,,,,,,,,,,,,,,,,,,,,,,,,,,,,,,,,,,,
-8.7042257,41.3008193,686325063,footway,,,,,,,,,,,,,,,,,,,,,,,,,,,,,,,,,,,,,,,,,,
-8.7054536,41.3025823,387757440,cycleway,,,,,,,,,1,,,,yes,,,,,,,,,,,,,,,,,,,,,,,,,,,,,
-8.70549425,41.30263165,135457839,secondary,,,,asphalt,,yes,,,1,,,,yes,,,,,,,2,,,,,,,,,,,,,,,,,,,,,,
-8.70554945,41.302716,387757439,cycleway,,,,,,,,,1,,,,yes,,,,,,,,,,,,,,,,,,,,,,,,,,,,,
-8.7055361,41.3026967,135457823,secondary,,,,asphalt,,yes,,,1,,,,yes,,,,,,,2,,,,,,,,,,,,,,,,,,,,,,
-8.70171115,41.30051535,734940424,motorway,,A 28,,asphalt,yes,yes,,,,,,,,,,,,right_of:1,120,2,50,,,,,,,,,,,,,,,,,,,,,
-8.7012487,41.30062745,734992801,motorway,,A 28,,asphalt,yes,yes,,,,,,,,,,,,,120,2,50,,,,,,,,,,,,,,,,,,,,,
-8.701758,41.3016093943686,24808628,motorway_link,,,,asphalt,yes,yes,,,,,,,,,,,,,40,1,,,,,,Porto,,,,,A28,,,,,,,,,,,
-8.70312782095444,41.3039598651359,135457815,secondary,,,,asphalt,,yes,,,,,,,,,,,,,,2,,,,,,,,,,,,,,,,,,,,,,
-8.70300816625562,41.3040653644673,387757438,cycleway,,,,,,,,,,,,,,,,,,,,,,,,,,,,,,,,,,,,,,,,,,
-8.70314761787833,41.3041383606063,135457817,secondary,,,,asphalt,,yes,,,,,,,,,,,,,,2,,,,,,,,,,,,,,,,,,,,,,
-8.70317731650758,41.304151513711,387757436,cycleway,,,,,,,,,,,,,,,,,,,,,,,,,,,,,,,,,,,,,,,,,,
-8.70251719188102,41.3050285746983,169055243,primary,,EN 13,,,,yes,,,,,,,,,,,,,50,1,,,,,,,,,,,,,,,,,,,,,,
-8.70251719188102,41.3050285746983,-1518927,primary,Estrada Nacional 13,EN 13,,,,,,,,,,,,road,,,,,,,,,,,,,,,,,,pt:EN13,0,Q8843299,PT:national,Estrada Nacional 13,,,,,,
-8.70224865,41.30460485,77740850,primary,,EN 13,,,,yes,,,,,,,,,,,,,50,,,,,,,,,,,,,,,,,,,,,,,
-8.7020802,41.3046879,135395072,primary,,EN 13,,,,yes,,,,,,,,,,,,,50,,,,,,,,,,,,,,,,,,,,,,,
-8.70253285161472,41.3048393398552,219535399,primary,,EN 13,roundabout,,,,,,,,,,,,,,,,50,2,,,,,,,,,,,,,,,,,,,,,,
-8.70253285161472,41.3048393398552,-1518927,primary,Estrada Nacional 13,EN 13,,,,,,,,,,,,road,,,,,,,,,,,,,,,,,,pt:EN13,0,Q8843299,PT:national,Estrada Nacional 13,,,,,,
-8.7019779130103,41.3048787401962,169055266,tertiary,,,,,,yes,,,,,,,,,,,,,,1,,,,,,,,,,,,,,,,,,,,,,
-8.7018300162128,41.3050161117129,169055267,tertiary,,,,,,yes,,,,,,,,,,,,,,1,,,,,,,,,,,,,,,,,,,,,,
-8.70253321344908,41.3052540132399,77740795,primary,,EN 13,,,,yes,,,,,,,,,,,,,50,1,,,,,,,,,,,,,,,,,,,,,,
-8.70177876456373,41.3078530440508,135457787,unclassified,,,,,,,,,,,,,,,,,,,,,,,,,,,,,,,,,,,,,,,,,,
-8.70137705773222,41.2734638803164,245338060,motorway,,A 28,,asphalt,yes,yes,,,,,,,,,,,,,120,2,50,,,,,,,,,,,,,,,,,,,,,
-8.70101360524485,41.2747316894541,132743982,motorway,,A 28,,asphalt,yes,yes,,,,,,,,,,,,,120,2,50,,,,,,,,,,,,,,,,,,,,,
-8.69322575,41.2766481,130922136,path,,,,,,,,,,,,,,,,,,,,,,,,,,,,,,,,,,,,,,,,,,
-8.7011198,41.2815623,686427882,tertiary,,M 531-4,,,,,,,,,,,,,,,,,,,,,,,,,,,,,,,,,,,,,,,,
-8.6995434,41.28236145,59227922,tertiary,,M 531-4,,,,,,,1,,,,yes,,,,,,,,,,,,,,,,,,,,,,,,,,,,,
-8.6977691480716,41.2829789508476,59227901,tertiary,Rua da Estação,,,cobblestone,,no,,,,,,,,,,,,,50,,,,,,,,,,,,,,,,,,,,,,,
-8.70105155,41.28510275,735343679,motorway,,A 28,,asphalt,yes,yes,,,,,,,,,,,,,120,2,50,"through|through;right",,,,,,,,,,,,,,,,,,,,
-8.7007828,41.2846456,59227920,unclassified,,,,,,,,,1,,,,yes,,,,,,,,,,,,,,,,,,,,,,,,,,,,,
-8.700182,41.28482175,59227907,unclassified,,,,,,,,,,,,,,,,,,,,,,,,,,,,,,,,,,,,,,,,,,
-8.69193718138666,41.2837707912748,767997332,residential,Travessa da Estação,,,,,,,,,,,,,,,,,,,,,,,,,,,,,,,,,,,,,,,,,
-8.69431369110455,41.2840717001677,451149393,residential,Rua da Estação,,,cobblestone,,no,,,,,,,,,,,,,50,,,,,,,,,,,,,,,,,,,,,,,
-8.69518577693417,41.2848605109068,133533393,tertiary,Rua Central de Modivas de Baixo,,,,,,,,,,,,,,,,,,,,,,,,,,,,,,,,,,,,,,,,,
-8.69398488799307,41.2843485204875,133533390,unclassified,,,,,,,,,,,,,,,,,,,,,,,,,,,,,,,,,,,,,,,,,,
-8.6937161,41.2847354,551675881,footway,,,,,,,,,,,,,,,,,,,,,,,,,,,,,,,,,,,,,,,,,,
-8.69388520048712,41.2850502500482,133533336,service,,,,,,,parking_aisle,,,,,,,,,,,,,,,,,,,,,,,,,,,,,,,,,,,
-8.6936524,41.2847263,551675885,footway,,,,,,,,,,,,,,,,,,,,,,,,,,,,,,,,,,,,,,,,,,
-8.69351815,41.28481505,551675882,steps,,,,,,,,,,,,,,,,,,,,,,,,,,,,,,,,,,,,,down,,,,,
-8.69339465,41.2848928,686325090,footway,,,,,,,,,,,,,,,,,,,,,,,,,,,,,,,,,,,,,,,,,,
-8.69328425004482,41.284886299984,551675883,footway,,,,,,,,,,,,,,,,,,,,,,,,,,,,,,,,,,,,,,,,,,
-8.69329505,41.28493375,686325089,footway,,,,,,,,,,,,,,,,,,,,,,,,,,,,,,,,,,,,,,,,,,
-8.69418239441529,41.2854426639971,551675884,footway,,,,,,,,,,,,,,,,,,,,,,,,,,,,,,,,,,,,,,,,,,
-8.69410870449988,41.2854072625088,686325093,footway,,,,,,,,,,,,,,,,,,,,,,,,,,,,,,,,,,,,,,,,,,
-8.69397375,41.28548975,686325092,steps,,,,,,,,,,,,,,,,,,,,,,,,,,,,,,,,,,,,,,,,,,
-8.69391415,41.28551285,686325091,footway,,,,,,,,,,,,,,,,,,,,,,,,,,,,,,,,,,,,,,,,,,
-8.6938249,41.28551235,686325088,footway,,,,,,,,,,,,,,,,,,,,,,,,,,,,,,,,,,,,,,,,,,
-8.6937221,41.2855552,686325087,footway,,,,,,,,,,,,,,,,,,,,,,,,,,,,,,,,,,,,,,,,,,
-8.69408895,41.28601155,133533219,tertiary,Rua Central de Modivas de Baixo,,,,,,,,1,,,,yes,,,,,,,,,,,,,,,,,,,,,,,,,,,,,
-8.69274250742293,41.2841262658539,558313306,footway,,,,,,,,,,,,,,,,,,,,,,,,,,,,,,,,,,,,,,,,,,
-8.6926585,41.2841685,558313305,residential,Rua da Estação,,,cobblestone,,no,,,,,,,,,,,,,50,,,,,,,,,,,,,,,,,,,,,,,
-8.68990088068306,41.2852725801689,133533343,residential,Rua de Real,,,cobblestone,,no,,,,,,,,,,,,,50,,,,,,,,,,,,,,,,,,,,,,,
-8.68333535075144,41.2768631493011,133533400,unclassified,,,,,,,,,,,,,,,,,,,,,,,,,,,,,,,,,,,,,,,,,,
-8.6862885098656,41.28034806237,767994365,unclassified,Rua da CEE,,,,,,,,,,,,,,,,,,,,,,,,,,,,,,,,,,,,,,,,,
-8.68076736140694,41.2784739047805,133533342,service,,,,,,,driveway,,,,,,,,,,,,,,,,,,,,,,,,,,,,,,,,,,,
-8.68022246215387,41.2788079986803,133533318,unclassified,Rua Nova de Pereira,,,,,,,,,,,,,,,,,,,,,,,,,,,,,,,,,,,,,,,,,
-8.6799373,41.27914145,698850523,unclassified,,,,,,,,,,,,,,,,,,,,,,,,,,,,,,,,,,,,,,,,,,
-8.68078608625053,41.2804977133965,767994364,unclassified,,,,,,,,,,,,,,,,,,,,,,,,,,,,,,,,,,,,,,,,,,
-8.68660215,41.2829058,767994697,unclassified,Rua das Carriças,,,,,,,,,,,,,,,,,,,,,,,,,,,,,,,,,,,,,,,,,
-8.686432,41.28370655,386578570,unclassified,,,,,,,,,1,,,,yes,,,,,,,,,,,,,,,,,,,,,,,,,,,,,
-8.688259,41.2855284,767997334,residential,Rua de Real,,,cobblestone,,no,,,1,,,,yes,,,,,,50,,,,,,,,,,,,,,,,,,,,,,,
-8.68645179740575,41.2840121628621,386578591,unclassified,,,,,,,,,,,,,,,,,,,,,,,,,,,,,,,,,,,,,,,,,,
-8.68603119889163,41.2849506024741,133533141,residential,Travessa de Real,,,cobblestone,,no,,,,,,,,,,,,,50,,,,,,,,,,,,,,,,,,,,,,,
-8.68702638491926,41.2856042016645,767997333,residential,Rua de Real,,,cobblestone,,no,,,,,,,,,,,,,50,,,,,,,,,,,,,,,,,,,,,,,
-8.68143660195494,41.2865059037112,-1518927,primary,Estrada Nacional 13,EN 13,,,,,,,,,,,,road,,,,,,,,,,,,,,,,,,pt:EN13,0,Q8843299,PT:national,Estrada Nacional 13,,,,,,
-8.67972261315639,41.2829676121448,710974590,unclassified,Rua Alberto Moreira,,,sett,,no,,,,,,,,,,,,,50,,,,,,,,,,,,,,,,,,,,,,,
-8.67956343841545,41.283219203133,710974589,unclassified,,,,sett,,no,,,,,,,,,,,,,,,,,,,,,,,,,,,,,,,,,,,,
-8.68287609988756,41.2847291001791,133533383,residential,,,,,,,,,,,,,,,,,,,,,,,,,,,,,,,,,,,,,,,,,,
-8.680516,41.28504245,459425509,primary,,EN 13,,asphalt,,no,,,,,,,,,,,,,,,,,,,,,,,,,,,,,,,,,,,,
-8.67742501457803,41.2770836325027,459425504,primary,,EN 13,,asphalt,,yes,,,,,,,,,,,,,,,,,,,,,,,,,,,,,,,,,,,,
-8.67758856566498,41.2771267041051,459425506,primary,,EN 13,,asphalt,,yes,,,,,,,,,,,,,,,,,,,,,,,,,,,,,,,,,,,,
-8.676483,41.27735815,133533196,residential,Rua Capitão Valente,,,sett,,,,,,,,,,,,,,,,,,,,,,,,,,,,,,,,,,,,,,
-8.67432468808515,41.2774863169041,133533411,residential,Rua Nossa Senhora da Conceição,,,sett,,,,,,,,,,,,,,,,,,,,,,,,,,,,,,,,,,,,,,
-8.67611664024019,41.2778214732535,133533391,residential,,,,,,,,,,,,,,,,,,,,,,,,,,,,,,,,,,,,,,,,,,
-8.67563196307878,41.2781588620846,133533384,residential,,,,,,,,,,,,,,,,,,,,,,,,,,,,,,,,,,,,,,,,,,
-8.67466519017722,41.2782638921128,386578602,service,,,,,,,,,,,,,,,,,,,,,,,,,,,,,,,,,,,,,,,,,,
-8.67884127431118,41.2796359918835,698850522,unclassified,Rua Prof. David Martins,,,,,,,,,,,,,,,,,,,,,,,,,,,,,,,,,,,,,,,,,
-8.6766427131018,41.2790443521925,133533386,residential,Rua de Pereira,,,sett,,,,,,,,,,,,,,,,,,,,,,,,,,,,,,,,,,,,,,
-8.67731202820265,41.2793650960282,133533321,residential,Largo General Lemos,,,,,,,,,,,,,,,,,,,,,,,,,,,,,,,,,,,,,,,,,
-8.67848864625395,41.2797496871199,698850521,unclassified,Rua Prof. David Martins,,,,,,,,,,,,,,,,,,,,,,,,,,,,,,,,,,,,,,,,,
-8.68001410379731,41.2803394660059,133533207,unclassified,Rua Nova de Pereira,,,,,,,,,,,,,,,,,,,,,,,,,,,,,,,,,,,,,,,,,
-8.67849375879735,41.2802449794092,767994363,primary,,EN 13,,,,yes,,,,,,,,,,,,,,,,,,,,,,,,,,,,,,,,,,,,
-8.6784651,41.28045,459425507,primary,,EN 13,,asphalt,,yes,,,,,,,,,,,,,,,,,,,,,,,,,,,,,,,,,,,,
-8.67398245310075,41.2785333061921,332275549,footway,,,,,,,,,,,,,,,,,,,,,,,,,,,,,,,,,,,,,,,,,,
-8.67346415367103,41.2793433040518,133533417,residential,Rua do Cuco,,,sett,,,,,,,,,,,,,,,,,,,,,,,,,,,,,,,,,,,,,,
-8.6755476,41.2806486,133533146,residential,Rua S. Gonçalo de Mosteiro,,,paving_stones,,,,,,,,,,,,,,,,,,,,,,,,,,,,,,,,,,4485-365,,,,
-8.67526754761342,41.2810522489616,133533303,residential,,,,paving_stones,,,,,,,,,,,,,,,,,,,,,,,,,,,,,,,,,,,,,,
-8.67479138254514,41.2804667417036,133533308,residential,Rua do Movimento Associativo,,,paving_stones,,,,,,,,,,,,,,,,,,,,,,,,,,,,,,,,,,,,,,
-8.67489219285405,41.2809137933506,438539427,residential,Rua 1º de Maio,,,paving_stones,,,,,,,,,,,,,,,,,,,,,,,,,,,,,,,,,,4485-916,,,,
-8.6721654,41.2772895,332274473,footway,,,,,,,,,,,,,,,,,,,,,,,,,,,,,,,,,,,,,,,,,,
-8.67127850629468,41.2777929364231,407491244,service,,,,,,,,,,,,,,,,,,,,,,,,,,,,,,,,,,,,,,,,,,
-8.67110939852951,41.2776697900467,397618304,tertiary,Rua da Botica,,,sett,,,,,,,,,,,,,,,,,,,,,,,,,,,,,,,,,,,,,,
-8.66826705366786,41.2769977992434,407209992,track,,,,,,,,,,,,,,,,,,,,,,,,,,,,,,,,,,,,,,,,,,
-8.66989015744416,41.2769783577156,397618302,residential,Rua de Trás,,,,,,,,,,,,,,,,,,,,,,,,,,,,,,,,,,,,,,4485-930,,,
-8.67004670006316,41.2780329004004,407209991,track,,,,,,,,,,,,,,,,,,,,,,,,,,,,,,,,,,,,,,,,,,
-8.67336496716203,41.2785604450782,133533154,residential,Rua Nossa Senhora da Conceição,,,,,,,,,,,,,,,,,,,,,,,,,,,,,,,,,,,,,,,,,
-8.67304568331591,41.2785648977611,438535932,service,,,,,,,driveway,,,,,,,,,,,,,,,,,,,,,,,,,,,,,,,,,,,
-8.67313645,41.27895805,438535934,service,,,,,,,driveway,,,,,,,,,,,,,,,,,,,,,,,,,,,,,,,,,,,
-8.67307940006052,41.2790923001415,133533222,residential,,,,,,,,,,,,,,,,,,,,,,,,,,,,,,,,,,,,,,,,,,
-8.6728216,41.27862375,438535943,service,,,,,,,driveway,,,,,,,,,,,,,,,,,,,,,,,,,,,,,,,,,,,
-8.67265459414998,41.2789582851403,438535936,service,,,,,,,driveway,,,,,,,,,,,,,,,,,,,,,,,,,,,,,,,,,,,
-8.6732081,41.27917205,438535941,service,,,,,,,driveway,,,,,,,,,,,,,,,,,,,,,,,,,,,,,,,,,,,
-8.67304515,41.2792213,438535939,service,,,,,,,driveway,,,,,,,,,,,,,,,,,,,,,,,,,,,,,,,,,,,
-8.67238878434926,41.2792487190626,397618309,tertiary,Rua da Costinha,,,,,,,,,,,,,,,,,,,,,,,,,,,,,,,,,,,,,,,,,
-8.6717241431521,41.2786500898044,397618305,tertiary,Rua da Costinha,,,,,,,,,,,,,,,,,,,,,,,,,,,,,,,,,,,,,,,,,
-8.67143978570551,41.2789625500136,405891926,unclassified,Largo da Lameira,,,,,,,,,,,,,,,,,,,,,,,,,,,,,,,,,,,,,,4485-944,,,
-8.67131165,41.27845415,438535930,service,,,,,,,driveway,,,,,,,,,,,,,,,,,,,,,,,,,,,,,,,,,,,
-8.67150440134388,41.2786756920672,405891929,unclassified,Largo da Lameira,,,,,,,,,,,,,,,,,,,,,,,,,,,,,,,,,,,,,,4485-944,,,
-8.67129400009685,41.2786510999412,133533312,tertiary,Rua Central,,,paving_stones,,,,,,,,,,,yes,,,,60,,,,,,,,,,,,,,,,,,,4485-932,,,,
-8.67161185,41.27885565,708416269,unclassified,Largo da Lameira,,,,,,,,,,,,,,,,,,,,,,,,,,,,,,,,,,,,,,4485-944,,,
-8.67141755,41.2788279,405891928,unclassified,Largo da Lameira,,,,,,,,,,,,,,,,,,,,,,,,,,,,,,,,,,,,,,4485-944,,,
-8.67134797348185,41.2788608998825,405891927,unclassified,Largo da Lameira,,,,,,,,,,,,,,,,,,,,,,,,,,,,,,,,,,,,,,4485-944,,,
-8.67116173494703,41.2795185307369,407491221,service,,,,,,,,,,,,,,,,,,,,,,,,,,,,,,,,,,,,,,,,,,
-8.6705251886338,41.2808375142861,133533380,residential,Rua da Agra,,,,,,,,,,,,,,,,,,,,,,,,,,,,,,,,,,,,,,4485-918,,,
-8.66965290087707,41.2787341516962,404223422,footway,,,,,,,,,,,,,,,,,,,,,,,,,,,,,,,,,,,,,,,,,,
-8.6707848004038,41.2795175524498,407491219,service,,,,,,,,,,,,,,,,,,,,,,,,,,,,,,,,,,,,,,,,,,
-8.67071275,41.2796546,407491217,service,,,,,,,,,,,,,,,,,,,,,,,,,,,,,,,,,,,,,,,,,,
-8.67054443367274,41.2796075742426,133533310,residential,Rua do Couto,,,,,,,,,,,,,,,,,,,,,,,,,,,,,,,,,,,,,,4485-925,,,
-8.67066315153402,41.2799640369967,407491222,service,,,,,,,,,,,,,,,,,,,,,,,,,,,,,,,,,,,,,,,,,,
-8.67015775292185,41.2799781510695,407491216,service,,,,,,,,,,,,,,,,,,,,,,,,,,,,,,,,,,,,,,,,,,
-8.66991835,41.27999495,397618300,residential,Rua Padre Ricardo Neto,,,,,,,,,,,,,,,,,,,,,,,,,,,,,,,,,,,,,,4485-936,,,
-8.66965124216611,41.2803785026694,405898916,footway,,,,,,,,,,,,,,,,,,,,,,,,,,,,,,,,,,,,,,,,,,
-8.66944685,41.28036845,405898915,footway,,,,,,,,,,,,,,,,,,,,,,,,,,,,,,,,,,,,,,,,,,
-8.66958964959527,41.2803784764997,405898917,footway,,,,,,,,,,,,,,,,,,,,,,,,,,,,,,,,,,,,,,,,,,
-8.66943545,41.28039315,405898918,steps,,,,,,,,,,,,,,,,,,,,,,,,,,,,,,,,,,,,,,,,,,
-8.66935275,41.280382,405898913,footway,,,,,,,,,,,,,,,,,,,,,,,,,,,,,,,,,,,,,,,,,,
-8.66929,41.2803975,405898912,footway,,,,,,,,,,,,,,,,,,,,,,,,,,,,,,,,,,,,,,,,,,
-8.6692535,41.28040595,405898911,footway,,,,,,,,,,,,,,,,,,,,,,,,,,,,,,,,,,,,,,,,,,
-8.6692166,41.2803137,405898914,footway,,,,,,,,,,,,,,,,,,,,,,,,,,,,,,,,,,,,,,,,,,
-8.66924050070126,41.2803383998508,405898910,footway,,,,,,,,,,,,,,,,,,,,,,,,,,,,,,,,,,,,,,,,,,
-8.66878128404799,41.2803727114539,405898909,footway,,,,,,,,,,,,,,,,,,,,,,,,,,,,,,,,,,,,,,,,,,
-8.6682037,41.2802715,133533142,residential,Rua Abade Costa,,,,,,,,,,,,,,,,,,,,,,,,,,,,,,,,,,,,,,4485-934,,,
-8.66905726409775,41.2800906198734,405898982,service,,,,,,,,,,,,,,,,,,,,,,,,,,,,,,,,,,,,,,,,,,
-8.66812883822248,41.2803751385716,407216048,residential,Largo António A. Azevedo Silva,,,,,,,,,,,,,,,,,,,,,,,,,,,,,,,,,,,,,,4485-933,,,
-8.66873452690994,41.2806814313896,407491211,service,,,,,,,,,,,,,,,,,,,,,,,,,,,,,,,,,,,,,,,,,,
-8.66872515087641,41.280912238796,407491213,service,,,,,,,,,,,,,,,,,,,,,,,,,,,,,,,,,,,,,,,,,,
-8.6788845,41.281732,459425508,primary,,EN 13,,,,yes,,,,,,,,,,,,,,,,,,,,,,,,,,,,,,,,,,,,
-8.67840734087541,41.28218349388,698850519,unclassified,,,,,,,,,,,,,,,,,,,,,,,,,,,,,,,,,,,,,,,,,,
-8.67641167582028,41.2817482769846,698850520,unclassified,,,,,,,,,,,,,,,,,,,,,,,,,,,,,,,,,,,,,,,,,,
-8.67606524968166,41.2814309502844,133533293,unclassified,Rua de Alambique,,,sett,,,,,,,,,,,,,,,,,,,,,,,,,,,,,,,,,,,,,,
-8.67484963905569,41.2817636022581,397548460,residential,,,,,,,,,,,,,,,,,,,,,,,,,,,,,,,,,,,,,,,,,,
-8.6738302,41.2815646,133533263,residential,Rua da Indústria,,,paving_stones,,,,,,,,,,,,,,,,,,,,,,,,,,,,,,,,,,,,,,
-8.6749329,41.28199875,397548461,residential,,,,,,,,,,,,,,,,,,,,,,,,,,,,,,,,,,,,,,,,,,
-8.67420834268248,41.284826296452,397618308,unclassified,Rua do Barreiro,,,sett,,,,,,,,,,,,,,,,,,,,,,,,,,,,,,,,,,,,,,
-8.67426888062453,41.2864726196427,409043243,unclassified,,,,,,,,,,,,,,,,,,,,,,,,,,,,,,,,,,,,,,,,,,
-8.67429696840277,41.2865602723759,409043241,unclassified,,,,,,,,,,,,,,,,,,,,,,,,,,,,,,,,,,,,,,,,,,
-8.67464795587541,41.2817761831893,133533409,residential,Travessa da Arribela,,,paving_stones,,,,,,,,,,,,,,,,,,,,,,,,,,,,,,,,,,4485-922,,,,
-8.67256570129171,41.2813371416621,407300185,tertiary,Rua da Arribela,,,sett,,,,,,,,,,,,,,,,,,,,,,,,,,,,,,,,,,,,,,
-8.67415545160488,41.2832193152445,133533348,residential,Rua 25 de Abril,,,paving_stones,,,,,,,,,,,,,,,,,,,,,,,,,,,,,,,,,,4485-917,,,,
-8.6685010905233,41.2813376588911,407491214,service,,,,,,,,,,,,,,,,,,,,,,,,,,,,,,,,,,,,,,,,,,
-8.6733678,41.28549445,397618310,tertiary,Rua do Outeiro,,,sett,,yes,,,,,,,,,,,,,,,,,,,,,,,,,,,,,,,,,,,,
-8.66338797766932,41.2773253265812,407209995,service,,,,,,,,,,,,,,,,,,,,,,,,,,,,,,,,,,,,,,,,,,
-8.66948239356406,41.2797752241942,397618301,tertiary,Rua Central,,,paving_stones,,,,,,,,,,,,,,,60,,,,,,,,,,,,,,,,,,,,4485-932,,,
-8.66503996021335,41.2804002937771,407491210,track,,,,,,,,,,,,,,,,,,,,,,,,,,,,,,,,,,,,,,,,,,
-8.66454675,41.28000355,397548627,residential,Rua Domingos Barreira,,,,,,,,,,,,,,,,,,,,,,,,,,,,,,,,,,,,,,4485-911,,,
-8.6629297435722,41.2773851626951,133533300,residential,Rua de Vila Verde,,,paving_stones,,,,,,,,,,,,,,,,,,,,,,,,,,,,,,,,,,,,,,
-8.66172048990754,41.2779906940178,438533829,service,,,,,,,driveway,,,,,,,,,,,,,,,,,,,,,,,,,,,,,,,,,,,
-8.65807374061011,41.2777751635211,407300179,residential,Rua de Aldeia Nova,,,paving_stones,,,,,,,,,,,,,,,,,,,,,,,,,,,,,,,,,,4485-910,,,,
-8.66104152913605,41.2794542137585,133533189,path,Travessa de Vila Verde,,,,,,,,,,,,,,,,,,,,,,,,,,,,,,,,,,,,,,4485-915,,,
-8.66031885,41.2791889,133533145,residential,Rua de Vila Verde,,,paving_stones,,,,,,,,,,,,,,,,,,,,,,,,,,,,,,,,,,,4485-912,,,
-8.66017695899724,41.2794844594731,438533344,service,,,,,,,driveway,,,,,,,,,,,,,,,,,,,,,,,,,,,,,,,,,,,
-8.66226885,41.2800989,404223420,service,,,,,,,driveway,,,,,,,,,,,,,,,,,,,,,,,,,,,,,,,,,,,
-8.66246365,41.2802576,438538112,service,,,,,,,driveway,,,,,,,,,,,,,,,,,,,,,,,,,,,,,,,,,,,
-8.66191311600869,41.279910965607,438538113,service,,,,,,,driveway,,,,,,,,,,,,,,,,,,,,,,,,,,,,,,,,,,,
-8.66199210009967,41.280078550109,397618299,residential,Travessa de Vila Verde,,,,,,,,,,,,,,,,,,,,,,,,,,,,,,,,,,,,,,4485-915,,,
-8.65876275009247,41.2783987002282,407300118,residential,Rua de Aldeia Nova,,,paving_stones,,,,,,,,,,,,,,,,,,,,,,,,,,,,,,,,,,,4485-910,,,
-8.65915044217405,41.2787715560153,438533345,service,,,,,,,driveway,,,,,,,,,,,,,,,,,,,,,,,,,,,,,,,,,,,
-8.65993044474859,41.2795716130927,438533343,service,,,,,,,driveway,,,,,,,,,,,,,,,,,,,,,,,,,,,,,,,,,,,
-8.6582506792126,41.2785046702438,330925491,residential,Travessa de Aldeia Nova,,,paving_stones,,,,,,,,,,,yes,,,,20,,,,,,,,,,,,,,,,,,,4485-913,,70,,
-8.65763245227159,41.2790468444898,332102044,steps,,,,,,,,,,,,,,,,,,,,,,,,,,,,,,,,,,,,,,,,,,
-8.65797128507467,41.2791407824765,332103032,footway,,,,,,,,,,,,,,,,,,,,,,,,,,,,,,,,,,,,,,,,,,
-8.65731469656621,41.2791438983749,133533149,residential,Rua Costa Padrão,,,paving_stones,,,,,,,,,,,,no,,,50,,,,,,,,,,,,,,,,,,,,4485-908,,Mosteiró,Rua Costa Padrão
-8.6576547,41.2791406,332103017,footway,,,,,,,,,,,,,,,,,,,,,,,,,,,,,,,,,,,,,,,,,,
-8.65750985676745,41.2791690100432,332102063,steps,,,,,,,,,,,,,,,,,,,,,,,,,,,,,,,,,,,,,,,,,,
-8.65752845,41.27920565,438533347,service,,,,,,,driveway,,,,,,,,,,,,,,,,,,,,,,,,,,,,,,,,,,,
-8.65734560446055,41.2792230955496,438533348,service,,,,,,,driveway,,,,,,,,,,,,,,,,,,,,,,,,,,,,,,,,,,,
-8.65980863576771,41.280064102597,407300119,residential,Rua Costa Padrão,,,paving_stones,,,,,,,,,,,,,,,,,,,,,,,,,,,,,,,,,,4485-908,,,,
-8.65963237143971,41.2805506474306,406778608,pedestrian,,,,,,,,,,,,,,,,,,,,,,,,,,,,,,,,,,,,,,,,,,
-8.6596022069364,41.2805956970722,406778606,pedestrian,,,,,,,,,,,,,,,,,,,,,,,,,,,,,,,,,,,,,,,,,,
-8.65947318932265,41.2806277195602,406778607,pedestrian,,,,,,,,,,,,,,,,,,,,,,,,,,,,,,,,,,,,,,,,,,
-8.65954590658555,41.2808010679494,406778605,pedestrian,,,,,,,,,,,,,,,,,,,,,,,,,,,,,,,,,,,,,,,,,,
-8.6675904,41.2817157,769763768,residential,Rua de Mosteiró,,,,,,,,,,,,,,,,,,,,,,,,,,,,,,,,,,,,,,4485-935,,,
-8.66458457886871,41.2825415927353,407300187,residential,Rua da Barranha,,,,,,,,,,,,,,,,,,,,,,,,,,,,,,,,,,,,,,,,,
-8.66351515,41.2831742,769764151,unclassified,,,,,,,,,,,,,,,,,,,,,,,,,,,,,,,,,,,,,,,,,,
-8.66710949847047,41.2848915934078,133533317,residential,Rua do Outeiro,,,,,,,,,,,,,,,,,,,,,,,,,,,,,,,,,,,,,,4485-935,,,
-8.66055132620068,41.2815240063117,407300182,residential,Travessa da Rua Central,,,paving_stones,,,,,,,,,,,,,,,,,,,,,,,,,,,,,,,,,,4485-914,,,,
-8.65928837756584,41.2813394281961,438533342,service,,,,,,,driveway,,,,,,,,,,,,,,,,,,,,,,,,,,,,,,,,,,,
-8.65924015,41.28133185,438533340,service,,,,,,,driveway,,,,,,,,,,,,,,,,,,,,,,,,,,,,,,,,,,,
-8.6589969,41.28159735,438533339,service,,,,,,,driveway,,,,,,,,,,,,,,,,,,,,,,,,,,,,,,,,,,,
-8.6590971,41.2816794,438533341,service,,,,,,,driveway,,,,,,,,,,,,,,,,,,,,,,,,,,,,,,,,,,,
-8.65794295847664,41.2814121387586,405896361,footway,,,,,,,,,,,,,,,,,,,,,,,,,,,,,,,,,,,,,,,,,,
-8.65824715834497,41.2815156821933,405896362,footway,,,,,,,,,,,,,,,,,,,,,,,,,,,,,,,,,,,,,,,,,,
-8.65797033042408,41.2817250106188,438533332,service,,,,,,,driveway,,,,,,,,,,,,,,,,,,,,,,,,,,,,,,,,,,,
-8.65746305821878,41.2820289959887,372470302,residential,Travessa de Figueiras,,,paving_stones,,no,,,,,,,,,,,,,,,,,,,,,,,,,,,,,,,,,4485-905,,,
-8.6578795,41.28206315,438533334,service,,,,,,,driveway,,,,,,,,,,,,,,,,,,,,,,,,,,,,,,,,,,,
-8.6576707,41.2821977,438533333,service,,,,,,,driveway,,,,,,,,,,,,,,,,,,,,,,,,,,,,,,,,,,,
-8.65768205,41.2823995,438533335,service,,,,,,,driveway,,,,,,,,,,,,,,,,,,,,,,,,,,,,,,,,,,,
-8.65827699284103,41.2826017523915,330893969,residential,Rua da Barranha,,,gravel,,,,,,,,,,,,,,,30,,,,,,,,,,,,,,,,,,,4485-909,,,,
-8.6559150876017,41.286158840682,768679563,unclassified,Rua Sua-Vila,,,,,,,,,,,,,,,,,,,,,,,,,,,,,,,,,,,,,,4485-903,,,
-8.69394030279035,41.2905546301577,133533155,unclassified,Rua Direita de Modivas de Baixo,,,,,,,,,,,,,,,,,,,,,,,,,,,,,,,,,,,,,,,,,
-8.6904999146022,41.2897634714627,133533313,tertiary,Rua Central de Modivas de Baixo,,,cobblestone,,,,,,,,,,,,,,,50,,,,,,,,,,,,,,,,,,,,,,,
-8.69253793838087,41.2918114628523,767998671,unclassified,Rua de Modivas de Baixo,,,,,,,,,,,,,,,,,,,,,,,,,,,,,,,,,,,,,,,,,
-8.69840385059601,41.292623948876,133533153,service,,,,,,,driveway,,,,,,,,,,,,,,,,,,,,,,,,,,,,,,,,,,,
-8.6992051791124,41.2928397997042,133533385,service,,,,,,,parking_aisle,,,,,,,,,,,,,,,,,,,,,,,,,,,,,,,,,,,
-8.6991112,41.29332635,686325080,footway,,,,,,,,,,,,,,,,,,,,,,,,,,,,,,,,,,,,,,,,,,
-8.69874649979068,41.2934448000951,686325073,footway,,,,,,,,,,,,,,,,,,,,,,,,,,,,,,,,,,,,,,,,,,
-8.69901365,41.29336585,686325079,footway,,,,,,,,,,,,,,,,,,,,,,,,,,,,,,,,,,,,,,,,,,
-8.69950444464086,41.2936408923321,133533403,residential,,,,,,,,,,,,,,,,,,,,,,,,,,,,,,,,,,,,,,,,,,
-8.6995366,41.2939474,686325078,footway,,,,,,,,,,,,,,,,,,,,,,,,,,,,,,,,,,,,,,,,,,
-8.69962173555601,41.2940443999793,686325074,footway,,,,,,,,,,,,,,,,,,,,,,,,,,,,,,,,,,,,,,,,,,
-8.69803385041131,41.2930065503691,133533299,unclassified,Rua da Gandarinha,,,,,,,,,,,,,,,,,,,,,,,,,,,,,,,,,,,,,,,,,
-8.7019708949995,41.2950559847988,132744172,unclassified,Rua da Fonte,,,cobblestone,,no,,,,,,,,,,,,,50,,,,,,,,,,,,,,,,,,,,,,,
-8.69879305757527,41.2957126581194,133533356,residential,,,,,,,,,,,,,,,,,,,,,,,,,,,,,,,,,,,,,,,,,,
-8.69998468629928,41.296967440731,350968943,track,,,,,,,,,,,,,,,,,grade2,,,,,,,,,,,,,,,,,,,,,,,,,
-8.69591294865776,41.2954095502412,133533341,residential,Rua Arroteia,,,cobblestone,,yes,,,,,,,,,,,,,50,,,,,,,,,,,,,,,,,,,,,,,
-8.692506186939,41.2934049040387,135457813,unclassified,Rua de Passos,,,cobblestone,,,,,,,,,,,,,,,50,,,,,,,,,,,,,,,,,,,,,,,
-8.6902267,41.2942536,133533389,residential,Rua do Covelo,,,cobblestone,,no,,,,,,,,,,,,,50,,,,,,,,,,,,,,,,,,,,,,,
-8.69478278930686,41.2954869003795,135458121,residential,,,,,,,,,,,,,,,,,,,,,,,,,,,,,,,,,,,,,,,,,,
-8.6956689,41.29559335,135457832,residential,,,,,,,,,,,,,,,,,,,,,,,,,,,,,,,,,,,,,,,,,,
-8.6960613,41.2955231,259190643,residential,,,,,,,,,,,,,,,,,,,,,,,,,,,,,,,,,,,,,,,,,,
-8.69404374048836,41.2951656280154,259061495,residential,,,,,,,,,,,,,,,,,,,,,,,,,,,,,,,,,,,,,,,,,,
-8.6937236,41.29521035,133533330,residential,Rua Nova da Fonte,,,cobblestone,,no,,,,,,,,,,,,,50,,,,,,,,,,,,,,,,,,,,,,,
-8.6931857,41.294987,133533244,residential,Rua Arroteia,,,cobblestone,,no,,,,,,,,,,,,,50,,,,,,,,,,,,,,,,,,,,,,,
-8.6940456,41.2955976,135457847,residential,,,,,,,,,,,,,,,,,,,,,,,,,,,,,,,,,,,,,,,,,,
-8.69286810625355,41.2961338967865,135458092,residential,,,,,,,,,,,,,,,,,,,,,,,,,,,,,,,,,,,,,,,,,,
-8.6908422,41.2949936,133533304,residential,Travessa do Covelo,,,sett,,yes,,,,,,,,,,,,,50,,,,,,,,,,,,,,,,,,,,,,,
-8.69265725628803,41.2965644126821,135458084,residential,,,,,,,,,,,,,,,,,,,,,,,,,,,,,,,,,,,,,,,,,,
-8.69198915,41.29624125,135457973,residential,,,,,,,,,,,,,,,,,,,,,,,,,,,,,,,,,,,,,,,,,,
-8.69198059117124,41.2972662771471,135457968,residential,,,,,,,,,,,,,,,,,,,,,,,,,,,,,,,,,,,,,,,,,,
-8.69022935,41.29690255,135457783,residential,Rua Nova da Longa,,,sett,,,,,,,,,,,,,,,,,,,,,,,,,,,,,,,,,,,,,,
-8.68597106488565,41.2869728241974,133533369,residential,Rua das Fontainhas,,,,,,,,,,,,,,,,,,,,,,,,,,,,,,,,,,,,,,,,,
-8.68875407341413,41.2907210658667,133533415,residential,Travessa de Modivas de Baixo,,,,,,,,,,,,,,,,,,,,,,,,,,,,,,,,,,,,,,,,,
-8.68721344969726,41.2910273845394,133533305,residential,Travessa do Viso,,,,,,,,,,,,,,,,,,,,,,,,,,,,,,,,,,,,,,,,,
-8.6868963,41.2908957,133533319,residential,Travessa do Viso,,,,,,,,,,,,,,,,,,,,,,,,,,,,,,,,,,,,,,,,,
-8.68704796705505,41.2913723426917,133533413,residential,Travessa do Viso,,,,,,,,,,,,,,,,,,,,,,,,,,,,,,,,,,,,,,,,,
-8.68530002289835,41.2869993513689,133533298,residential,Rua de Soutelo,,,cobblestone,,,,,,,,,,,,,,,50,,,,,,,,,,,,,,,,,,,,,,,
-8.6842671144494,41.2871502154728,133533150,unclassified,Rua Alberto Moreira,,,asphalt,,no,,,,,,,,,,,,,50,,,,,,,,,,,,,,,,,,,,,,,
-8.6821195,41.28774355,133533371,tertiary,Rua Albino Moreira,,,asphalt,,yes,,,,,,,,,,,,,,,,,,,,,,,,,,,,,,,,,,,,
-8.68211771326501,41.2878557018371,306561399,tertiary,Rua Albino Moreira,,,asphalt,,yes,,,,,,,,,,,,,,,,,,,,,,,,,,,,,,,,,,,,
-8.68375148418206,41.2892984288738,133533394,residential,Rua das Flores,,,cobblestone,,yes,,,,,,,,,,,,,50,,,,,,,,,,,,,,,,,,,,,,,
-8.68340415064153,41.2889538535066,133533320,residential,Travessa de Soutelo,,,cobblestone,,no,,,,,,,,,,,,,50,,,,,,,,,,,,,,,,,,,,,,,
-8.6817808,41.2869477,459425511,primary,,EN 13,,,,yes,,,,,,,,,,,,,,,,,,,,,,,,,,,,,,,,,,,,
-8.68168364035448,41.2869292343991,459425510,primary,,EN 13,,asphalt,,yes,,,,,,,,,,,,,,,,,,,,,,,,,,,,,,,,,,,,
-8.68269754955189,41.2917593063959,133533295,primary,Rua do Viso,EN 306,,,,,,,,,,,,,,,,,,,,,,,,,,,,,,,,,,,,,,,,
-8.68833754328503,41.2926132454946,95386695,primary,,EN 13,,asphalt,,no,,,,,,,,,,,,,,,,,,,,,,,,,,,,,,,,,,,,
-8.6898952,41.2947054,259060718,unclassified,Rua do Covelo,,,cobblestone,,,,,,,,,,,,,,,50,,,,,,,,,,,,,,,,,,,,,,,
-8.69018132804157,41.2943240560146,133533201,residential,Rua do Covelo,,,cobblestone,,,,,,,,,,,,,,,50,,,,,,,,,,,,,,,,,,,,,,,
-8.69005045142456,41.2949610989734,133533334,residential,Rua do Padrão,,,cobblestone,,no,,,,,,,,,,,,,50,,,,,,,,,,,,,,,,,,,,,,,
-8.6898898,41.295868,135457840,residential,,,,,,,,,,,,,,,,,,,,,,,,,,,,,,,,,,,,,,,,,,
-8.69097189214444,41.2956783210546,133533351,residential,,EM 533,,cobblestone,,no,,,,,,,,,,,,,50,,,,,,,,,,,,,,,,,,,,,,,
-8.68792085,41.295709,135457977,residential,,,,,,,,,,,,,,,,,,,,,,,,,,,,,,,,,,,,,,,,,,
-8.68789105,41.2970609,135458112,residential,,,,,,,,,,,,,,,,,,,,,,,,,,,,,,,,,,,,,,,,,,
-8.683546,41.2972591,635959619,unclassified,,,,sett,,yes,,,,,,,,,,,,,,,,,,,,,,,,,,,,,,,,,,,,
-8.68294765043258,41.2965700840323,135457800,residential,,,,,,,,,,,,,,,,,,,,,,,,,,,,,,,,,,,,,,,,,,
-8.6828439068662,41.2972352452465,135458040,unclassified,,,,,,,,,,,,,,,,,,,,,,,,,,,,,,,,,,,,,,,,,,
-8.68030110592355,41.2974856565418,242112588,primary,Rua do Outeiro,EN 306,,,,,,,,,,,,,,,,,,,,,,,,,,,,,,,,,,,,,,,,
-8.67903644334651,41.2971090057841,136363883,residential,,,,,,,,,,,,,,,,,,,,,,,,,,,,,,,,,,,,,,,,,,
-8.70243925408353,41.2997824073874,24808592,motorway_link,,,,asphalt,,yes,,,,,,,,,,,,,40,1,,,,,,"Maia;Modivas",,,,,N 13,,,,,,,,,,,
-8.69711929247786,41.2984914448954,-1518927,primary,Estrada Nacional 13,EN 13,,,,,,,,,,,,road,,,,,,,,,,,,,,,,,,pt:EN13,0,Q8843299,PT:national,Estrada Nacional 13,,,,,,
-8.69711929247786,41.2984914448954,24808425,primary,,EN 13,,,,no,,,,,,,,,,,,,,,,,,,,,,,,,,,,,,,,,,,,
-8.69642436446174,41.2978582045396,-1518927,primary,Estrada Nacional 13,EN 13,,,,,,,,,,,,road,,,,,,,,,,,,,,,,,,pt:EN13,0,Q8843299,PT:national,Estrada Nacional 13,,,,,,
-8.69642436446174,41.2978582045396,95386694,primary,,EN 13,roundabout,,,,,,,,,,,,,,,,,,,,,,,,,,,,,,,,,,,,,,,
-8.69760210566995,41.2999815276675,436240433,service,,,,,,,driveway,,,,,,,,,,,,,,,,,,,,,,,,,,,,,,,,,,,
-8.6971882,41.30046185,135458036,unclassified,,,,,,,,,,,,,,,,,,,,,,,,,,,,,,,,,,,,,,,,,,
-8.70089608643404,41.300635675101,24808523,motorway_link,,,,asphalt,,yes,,,,,,,,,,,,,40,,,,,,,Viana do Castelo,,,,,A28,,,,,,,,,,,
-8.70065455,41.30120755,734940426,motorway,,A 28,,asphalt,yes,yes,,,,,,,,,,,,,120,2,50,,,,,"Porto;Leixões",,,,,A 28,,,,,,,,,,,
-8.70163850910935,41.3016060066641,24808608,motorway_link,,,,asphalt,,yes,,,,,,,,,,,,,40,,,,,,,"Maia; Modivas",,,,,N 13,,,,,,,,,,,
-8.7004305,41.30115715,59229536,motorway,,A 28,,asphalt,no,yes,,,1,,,,,,,,,right_of:1,120,3,50,through|through|right,,"Valença;Viana do Castelo;Vila do Conde|Valença;Viana do Castelo;Vila do Conde|Mindelo",,,,,,A 28|A 28|N 13,,,,,,,,,,,,
-8.70020545,41.30150275,59229527,motorway,,A 28,,asphalt,no,yes,,,1,,,,yes,,,,,right_of:1,120,3,50,through|through|right,,"Porto;Leixões|Porto;Leixões|Maia;Modivas",,,,,,A 28|A 28|N 13,,,,,,,,,,,,
-8.70008005,41.30138735,734992800,motorway,,A 28,,asphalt,no,yes,,,1,,,,yes,,,,,right_of:1,120,3,50,through|through|right,,"Valença;Viana do Castelo;Vila do Conde|Valença;Viana do Castelo;Vila do Conde|Mindelo",,,,,,A 28|A 28|N 13,,,,,,,,,,,,
-8.6986691,41.3009075,24808506,motorway_link,,,,asphalt,,yes,,,,,,,,,,,,,,,,,,,,Viana do Castelo,,,,,A28,,,,,,,,,,,
-8.6985818778552,41.3012901375648,95386693,motorway_link,,,,asphalt,,yes,,,,,,,,,,,,,40,,,,,,,Mindelo,,,,,N 13,,,,,,,,,,,
-8.6996402,41.3016876,734992799,motorway,,A 28,,asphalt,no,yes,,,,,,,,,,,,,120,2,50,,,,,"Valença;Viana do Castelo;Vila do Conde",,,,,A 28,,,,,,,,,,,
-8.70086225890949,41.3025159459206,-1518927,primary,Estrada Nacional 13,EN 13,,,,,,,,,,,,road,,,,,,,,,,,,,,,,,,pt:EN13,0,Q8843299,PT:national,Estrada Nacional 13,,,,,,
-8.70082514926177,41.3024572988333,77740771,primary,,EN 13,,,,yes,,,,,,,,,,,,,,,,,,,,,,,,,,,,,,,,,,,,
-8.70012045,41.3015715,24808468,primary,,EN 13,,,,yes,,,,,,,,,,,,,,,,,,,,,,,,,,,,,,,,,,,,
-8.699851,41.3017332,734940427,motorway,,A 28,,asphalt,no,yes,,,,,,,,,,,,right_of:1,120,3,50,through|through|right,,"Porto;Leixões|Porto;Leixões|Maia;Modivas",,,,,,A 28|A 28|N 13,,,,,,,,,,,,
-8.70051236001613,41.3023589160419,95386682,motorway_link,,,,asphalt,,yes,,,,,,,,,,,,,40,1,,,,,,Porto,,,,,A28,,,,,,,,,,,
-8.6986579362005,41.3024124612868,734992797,motorway,,A 28,,asphalt,no,yes,,,,,,,,,,,,right_of:1,120,2,50,,,,,,,,,,,,,,,,,,,,,
-8.70089846904944,41.3030109830648,95386687,motorway_link,,,,asphalt,,yes,,,,,,,,,,,,,40,1,,,,,,Mindelo,,,,,N 13,,,,,,,,,,,
-8.69890604260003,41.3024085056816,734940429,motorway,,A 28,,asphalt,no,yes,,,,,,,,,,,,,120,2,50,through|through,no|no,,,,,,,,,,,,,,,,,,,
-8.69813775,41.3006737,436240436,service,,,,,,,parking_aisle,,,,,,,,,,,,,,,,,,,,,,,,,,,,,,,,,,,
-8.6977423,41.30049385,436240437,service,,,,,,,parking_aisle,,,,,,,,,,,,,,,,,,,,,,,,,,,,,,,,,,,
-8.69829600007129,41.3007119499552,436240435,service,,,,,,,parking_aisle,,,,,,,,,,,,,,,,,,,,,,,,,,,,,,,,,,,
-8.69754834998,41.3005544000117,436240434,service,,,,,,,driveway,,,,,,,,,,,,,,,,,,,,,,,,,,,,,,,,,,,
-8.69239863732791,41.2994785295612,135457887,unclassified,Rua da Longa,,,sett,,,,,,,,,,,,,,,,,,,,,,,,,,,,,,,,,,,,,,
-8.70069570672244,41.3038197473502,135457970,unclassified,,,,,,,,,,,,,,,,,,,,,,,,,,,,,,,,,,,,,,,,,,
-8.6992727,41.3043352,135458096,unclassified,,,,,,,,,,,,,,,,,,,,,,,,,,,,,,,,,,,,,,,,,,
-8.69854534617834,41.3045418656062,135457972,unclassified,,,,,,,,,,,,,,,,,,,,,,,,,,,,,,,,,,,,,,,,,,
-8.6988840705352,41.305454516625,135457918,tertiary,,,,,,,,,,,,,,,,,,,,,,,,,,,,,,,,,,,,,,,,,,
-8.69793539064119,41.303105760754,734992798,motorway,,A 28,,asphalt,no,yes,,,,,,,,,,,,right_of:1,120,3,50,||merge_to_left,,,,,,,,,,,,,,,,,,,,
-8.69767703724195,41.3037362699903,734940430,motorway,,A 28,,asphalt,no,yes,,,,,,,,,,,,right_of:1,120,3,50,through|through|right,no|not_left|yes,"Porto;Leixões|Maia;Modivas;Porto;Leixões|Mindelo",,,,,,"A 28|N 13;N 13;A 28;A 28|N 13",,,,,,,,,,,,
-8.69711699696971,41.3049515100942,734940428,motorway,,A 28,,asphalt,no,yes,,,,,,,,,,,,,120,2,50,"through|through;right",no|no,,,,,,,,,,,,,,,,,,,
-8.7007241,41.30697785,135458038,unclassified,,,,,,,,,,,,,,,,,,,,,,,,,,,,,,,,,,,,,,,,,,
-8.6994845371229,41.3072248026143,135457790,unclassified,,,,,,,,,,,,,,,,,,,,,,,,,,,,,,,,,,,,,,,,,,
-8.69694585,41.3068165,135457866,tertiary,,,,,,,,,1,,,,yes,,,,,,,,,,,,,,,,,,,,,,,,,,,,,
-8.69463434090854,41.3040203678497,595439593,unclassified,Rua da Longa,,,dirt,,,,,,,,,,,,,,,,,,,,,,,,,,,,,,,,,,,,,,
-8.68779398302421,41.3053137689711,135458009,unclassified,,,,,,,,,,,,,,,,,,,,,,,,,,,,,,,,,,,,,,,,,,
-8.68910350000358,41.299659300043,135457967,residential,,,,,,,,,,,,,,,,,,,,,,,,,,,,,,,,,,,,,,,,,,
-8.68830736380892,41.3004099826365,135457946,unclassified,,,,,,,,,,,,,,,,,,,,,,,,,,,,,,,,,,,,,,,,,,
-8.6866958011596,41.3026938711523,135457987,unclassified,,,,,,,,,,,,,,,,,,,,,,,,,,,,,,,,,,,,,,,,,,
-8.68673102667573,41.302092433606,135458135,residential,,,,,,,,,,,,,,,,,,,,,,,,,,,,,,,,,,,,,,,,,,
-8.6835589,41.2988295,135458037,unclassified,,,,,,,,,,,,,,,,,,,,,,,,,,,,,,,,,,,,,,,,,,
-8.68331149960684,41.3023939466637,135457819,unclassified,,,,,,,,,,,,,,,,,,,,,,,,,,,,,,,,,,,,,,,,,,
-8.68301885,41.3027403,135457969,unclassified,,,,,,,,,,,,,,,,,,,,,,,,,,,,,,,,,,,,,,,,,,
-8.68015680015025,41.3012374499936,397546787,residential,,,,,,,,,,,,,,,,,,,,,,,,,,,,,,,,,,,,,,,,,,
-8.68055507418656,41.3007224080985,397546788,residential,,,,,,,,,,,,,,,,,,,,,,,,,,,,,,,,,,,,,,,,,,
-8.67943994324541,41.3005921918831,136363898,primary,,,,,,yes,,,,,,,,,,,,,,,,,,,,,,,,,,,,,,,,,,,,
-8.67951205048425,41.3007912961704,453370327,primary,,,,,,yes,,,,,,,,,,,,,,,,,,,,,,,,,,,,,,,,,,,,
-8.67949971043486,41.3007186832355,455386606,primary,,,,,,yes,,,,,,,,,,,,,,,,,,,,,,,,,,,,,,,,,,,,
-8.67947593167935,41.3008951291432,455386607,primary,,,,,,yes,,,,,,,,,,,,,,,,,,,,,,,,,,,,,,,,,,,,
-8.6793702612737,41.3010109485358,453370326,primary,,,,,,yes,,,,,,,,,,,,,,,,,,,,,,,,,,,,,,,,,,,,
-8.6852783154645,41.3036882550417,135458115,unclassified,,,,,,,,,,,,,,,,,,,,,,,,,,,,,,,,,,,,,,,,,,
-8.68238007604759,41.3032580496519,434925520,residential,,,,,,,,,,,,,,,,,,,,,,,,,,,,,,,,,,,,,,,,,,
-8.67950940907988,41.3039388571299,434925521,residential,,,,,,,,,,,,,,,,,,,,,,,,,,,,,,,,,,,,,,,,,,
-8.67768955234122,41.2876078098348,133533346,residential,,,,,,,,,,,,,,,,,,,,,,,,,,,,,,,,,,,,,,,,,,
-8.67658884241108,41.2885988589987,277391630,residential,Rua Padre Carriço,,,,,,,,,,,,,,,,,,,,,,,,,,,,,,,,,,,,,,,,,
-8.67484415,41.28833235,409043244,unclassified,,,,,,,,,,,,,,,,,,,,,,,,,,,,,,,,,,,,,,,,,,
-8.67732533329613,41.2897137389035,133533397,residential,,,,,,,,,,,,,,,,,,,,,,,,,,,,,,,,,,,,,,,,,,
-8.67652441654776,41.2904789663924,133533396,residential,,,,,,,,,,,,,,,,,,,,,,,,,,,,,,,,,,,,,,,,,,
-8.67615196164312,41.291298825187,321130652,tertiary,Rua do Outeiro,,,sett,,,,,,,,,,,,,,,,,,,,,,,,,,,,,,,,,,,,,,
-8.67473935869583,41.2916348285129,133533143,residential,,,,,,,,,,,,,,,,,,,,,,,,,,,,,,,,,,,,,,,,,,
-8.67408773911271,41.2910532291056,133533199,residential,,,,,,,,,,,,,,,,,,,,,,,,,,,,,,,,,,,,,,,,,,
-8.6728032,41.287325,409043239,unclassified,,,,,,,,,,,,,,,,,,,,,,,,,,,,,,,,,,,,,,,,,,
-8.6725074056683,41.2878987982571,133533395,residential,,,,,,,,,,,,,,,,,,,,,,,,,,,,,,,,,,,,,,,,,,
-8.67243944996061,41.2872206000163,133533359,residential,,,,,,,,,,,,,,,,,,,,,,,,,,,,,,,,,,,,,,,,,,
-8.67234689992165,41.2873629500328,133533366,residential,,,,,,,,,,,,,,,,,,,,,,,,,,,,,,,,,,,,,,,,,,
-8.67369820002642,41.2879836483629,409043237,unclassified,,,,,,,,,,,,,,,,,,,,,,,,,,,,,,,,,,,,,,,,,,
-8.67195488027283,41.287980875007,409043194,unclassified,,,,,,,,,,,,,,,,,,,,,,,,,,,,,,,,,,,,,,,,,,
-8.66726148320585,41.2866449554895,133533297,unclassified,Rua das Oliveiras,,,,,,,,,,,,,,,,,,,,,,,,,,,,,,,,,,,,,,,,,
-8.6706839,41.28821685,399436183,footway,,,,,,,,,,,,,,,,,,,,,,,,,,,,,,,,,,,,,,,,,,
-8.6707664,41.28823955,399436179,footway,,,,,,,,,,,,,,,,,,,,,,,,,,,,,,,,,,,,,,,,,,
-8.670607,41.28819475,399436184,footway,,,,,,,,,,,,,,,,,,,,,,,,,,,,,,,,,,,,,,,,,,
-8.67055692281784,41.2882462951604,399436182,footway,,,,,,,,,,,,,,,,,,,,,,,,,,,,,,,,,,,,,,,,,,
-8.67063422515221,41.2883368941059,403241002,footway,,,,,,,,,,,,,,,,,,,,,,,,,,,,,,,,,,,,,,,,,,
-8.67047319570511,41.2882920152355,399436181,footway,,,,,,,,,,,,,,,,,,,,,,,,,,,,,,,,,,,,,,,,,,
-8.67029684231463,41.2882949313782,399436180,footway,,,,,,,,,,,,,,,,,,,,,,,,,,,,,,,,,,,,,,,,,,
-8.67036151986057,41.288377381832,403241001,footway,,,,,,,,,,,,,,,,,,,,,,,,,,,,,,,,,,,,,,,,,,
-8.67029425,41.2883812,399436185,footway,,,,,,,,,,,,,,,,,,,,,,,,,,,,,,,,,,,,,,,,,,
-8.6701024,41.2884615,399436191,footway,,,,,,,,,,,,,,,,,,,,,,,,,,,,,,,,,,,,,,,,,,
-8.67022409960751,41.2884508001705,399436190,footway,,,,,,,,,,,,,,,,,,,,,,,,,,,,,,,,,,,,,,,,,,
-8.67006805,41.2883524,399436192,footway,,,,,,,,,,,,,,,,,,,,,,,,,,,,,,,,,,,,,,,,,,
-8.67017254994775,41.2883919000211,399436189,footway,,,,,,,,,,,,,,,,,,,,,,,,,,,,,,,,,,,,,,,,,,
-8.67018960524695,41.2885363023004,399436186,footway,,,,,,,,,,,,,,,,,,,,,,,,,,,,,,,,,,,,,,,,,,
-8.66995805,41.2886051,399436187,footway,,,,,,,,,,,,,,,,,,,,,,,,,,,,,,,,,,,,,,,,,,
-8.6698645,41.28847865,399436188,footway,,,,,,,,,,,,,,,,,,,,,,,,,,,,,,,,,,,,,,,,,,
-8.67068255,41.2888534,397548628,residential,,,,,,,,,,,,,,,,,,,,,,,,,,,,,,,,,,,,,,,,,,
-8.66979513511117,41.2886032784114,133533362,residential,,,,,,,,,,,,,,,,,,,,,,,,,,,,,,,,,,,,,,,,,,
-8.6710574111476,41.2884613625358,133533412,residential,Rua do Passal,,,,,,,,,,,,,,,,,,,,,,,,,,,,,,,,,,,,,,,,,
-8.6683264,41.28817485,133533241,residential,,,,,,,,,,,,,,,,,,,,,,,,,,,,,,,,,,,,,,,,,,
-8.67422287389653,41.2894919919138,133533265,residential,,,,,,,,,,,,,,,,,,,,,,,,,,,,,,,,,,,,,,,,,,
-8.67025881217408,41.2898890921191,293438130,tertiary,Rua Albino Moreira,,,cobblestone,,,,,,,,,,,,,,,,,,,,,,,,,,,,,,,,,,,,,,
-8.66956225,41.2909545,133533147,unclassified,,,,,,,,,,,,,,,,,,,,,,,,,,,,,,,,,,,,,,,,,,
-8.6699113,41.2918313,133533335,residential,,,,,,,,,,,,,,,,,,,,,,,,,,,,,,,,,,,,,,,,,,
-8.66867705,41.2917966,133533350,residential,,,,,,,,,,,,,,,,,,,,,,,,,,,,,,,,,,,,,,,,,,
-8.67675454966174,41.2932004852071,133533148,unclassified,,,,,,,,,,,,,,,,,,,,,,,,,,,,,,,,,,,,,,,,,,
-8.67316902785198,41.2921101399251,133533376,unclassified,,,,,,,,,,,,,,,,,,,,,,,,,,,,,,,,,,,,,,,,,,
-8.67868224828328,41.2962565343353,136364008,residential,,,,,,,,,,,,,,,,,,,,,,,,,,,,,,,,,,,,,,,,,,
-8.67397935,41.29629595,136363986,residential,,,,,,,,,,,,,,,,,,,,,,,,,,,,,,,,,,,,,,,,,,
-8.6742557,41.29668225,136363973,residential,,,,,,,,,,,,,,,,,,,,,,,,,,,,,,,,,,,,,,,,,,
-8.6743497,41.2970633,136363921,residential,,,,,,,,,,,,,,,,,,,,,,,,,,,,,,,,,,,,,,,,,,
-8.67420145144996,41.2971769846553,136363897,residential,,,,,,,,,,,,,,,,,,,,,,,,,,,,,,,,,,,,,,,,,,
-8.67261465,41.2922144,133533252,residential,,,,,,,,,,,,,,,,,,,,,,,,,,,,,,,,,,,,,,,,,,
-8.67114245850938,41.2923076681511,133533364,residential,,,,,,,,,,,,,,,,,,,,,,,,,,,,,,,,,,,,,,,,,,
-8.66596263721044,41.2869611548283,133533211,residential,Rua da Rosa,,,,,,,,,,,,,,,,,,,,,,,,,,,,,,,,,,,,,,,,,
-8.6673544,41.2890913,133533399,residential,,,,,,,,,,,,,,,,,,,,,,,,,,,,,,,,,,,,,,,,,,
-8.66500322934429,41.286984735123,133533379,residential,,,,,,,,,,,,,,,,,,,,,,,,,,,,,,,,,,,,,,,,,,
-8.66351228296714,41.290971828252,409043253,unclassified,,,,,,,,,,,,,,,,,,,,,,,,,,,,,,,,,,,,,,,,,,
-8.6640353,41.29130515,409043259,unclassified,,,,,,,,,,,,,,,,,,,,,,,,,,,,,,,,,,,,,,,,,,
-8.66316546344542,41.2910383560063,409043255,unclassified,,,,,,,,,,,,,,,,,,,,,,,,,,,,,,,,,,,,,,,,,,
-8.6600166,41.28915835,133533156,unclassified,Rua Nova de Pontes,,,,,,,,,,,,,,,,,,,,,,,,,,,,,,,,,,,,,,,,,
-8.66229359449307,41.2912480924005,409043252,unclassified,,,,,,,,,,,,,,,,,,,,,,,,,,,,,,,,,,,,,,,,,,
-8.65735725,41.2907194,133533306,residential,,,,,,,,,,,,,,,,,,,,,,,,,,,,,,,,,,,,,,,,,,
-8.6659592504512,41.294865363197,133533191,unclassified,,,,,,,,,,,,,,,,,,,,,,,,,,,,,,,,,,,,,,,,,,
-8.65817789643722,41.2934176556594,133533158,track,,,,,,,,,,,,,,,,,,,,,,,,,,,,,,,,,,,,,,,,,,
-8.65907065,41.2963338,136363909,residential,,,,,,,,,,,,,,,,,,,,,,,,,,,,,,,,,,,,,,,,,,
-8.67910243945582,41.3008177471659,455386605,primary,,,,,,yes,,,,,,,,,,,,,,,,,,,,,,,,,,,,,,,,,,,,
-8.67908780189645,41.3008985549236,136363983,residential,,,,,,yes,,,,,,,,,,,,,,,,,,,,,,,,,,,,,,,,,,,,
-8.67904584311177,41.3009661783009,136363990,residential,,,,,,yes,,,,,,,,,,,,,,,,,,,,,,,,,,,,,,,,,,,,
-8.6785508,41.30094585,136363916,residential,,,,,,,,,,,,,,,,,,,,,,,,,,,,,,,,,,,,,,,,,,
-8.67824874372204,41.3018929799436,136363884,residential,,,,,,,,,,,,,,,,,,,,,,,,,,,,,,,,,,,,,,,,,,
-8.67157499876088,41.302896748792,136364036,unclassified,,,,,,,,,,,,,,,,,,,,,,,,,,,,,,,,,,,,,,,,,,
-8.66730582543254,41.3026454649414,136363996,tertiary,,,,,,,,,,,,,,,,,,,,,,,,,,,,,,,,,,,,,,,,,,
-8.67558520039688,41.3055191187403,448691815,residential,,,,,,,,,,,,,,,,,,,,,,,,,,,,,,,,,,,,,,,,,,
-8.67875369427732,41.3061217527257,566423439,primary,,EN 306,,asphalt,,,,,,,,,,,,,,,,,,,,,,,,,,,,,,,,,,,,,,
-8.67597530972694,41.3076256264204,136363940,unclassified,,,,,,,,,,,,,,,,,,,,,,,,,,,,,,,,,,,,,,,,,,
-8.65130332591239,41.2985539369809,136185863,unclassified,,,,sett,,,,,,,,,,,,,,,,,,,,,,,,,,,,,,,,,,,,,,
-8.66367444048091,41.3004429585097,136364033,unclassified,,,,,,,,,,,,,,,,,,,,,,,,,,,,,,,,,,,,,,,,,,
-8.66230965,41.29938345,136364048,residential,,,,,,,,,,,,,,,,,,,,,,,,,,,,,,,,,,,,,,,,,,
-8.66354095893685,41.2992355054291,136363942,unclassified,,,,,,,,,,,,,,,,,,,,,,,,,,,,,,,,,,,,,,,,,,
-8.6622497,41.2998979,136363919,residential,,,,,,,,,,,,,,,,,,,,,,,,,,,,,,,,,,,,,,,,,,
-8.6596508,41.3023811,136363922,unclassified,,,,sett,,,,,,,,,,,,,,,,,,,,,,,,,,,,,,,,,,,,,,
-8.6584201346066,41.3018885489611,136363900,residential,Rua Rio da Costa,,,sett,,,,,,,,,,,,,,,,,,,,,,,,,,,,,,,,,,,,,,
-8.66296695417691,41.3045237164364,136792287,unclassified,,,,,,,,,,,,,,,,,,,,,,,,,,,,,,,,,,,,,,,,,,
-8.66832629618441,41.3070637185347,136363991,unclassified,,,,,,,,,,,,,,,,,,,,,,,,,,,,,,,,,,,,,,,,,,
-8.66213055102132,41.303957100209,136792289,unclassified,,,,,,,,,,,,,,,,,,,,,,,,,,,,,,,,,,,,,,,,,,
-8.6604173,41.30482115,136363889,unclassified,,,,,,,,,,,,,,,,,,,,,,,,,,,,,,,,,,,,,,,,,,
-8.6581959,41.3033016,635961690,residential,,,,sett,,,,,,,,,,,,,,,,,,,,,,,,,,,,,,,,,,,,,,
-8.6594453,41.30520175,136363912,unclassified,,,,,,,,,,,,,,,,,,,,,,,,,,,,,,,,,,,,,,,,,,
-8.65594453898672,41.2758187892537,133533294,residential,Rua do Godim,,,gravel,,,,,,,,,,,,,,,,,,,,,,,,,,,,,,,,,,4485-940,,,,
-8.65630939102843,41.2783872100814,397618297,unclassified,Rua de Caselo,,,paving_stones,,,,,,,,,,,,,,,,,,,,,,,,,,,,,,,,,,4485-906,,,,
-8.6569737,41.2789505,438533353,service,,,,,,,driveway,,,,,,,,,,,,,,,,,,,,,,,,,,,,,,,,,,,
-8.65692105,41.2790452,438533351,service,,,,,,,driveway,,,,,,,,,,,,,,,,,,,,,,,,,,,,,,,,,,,
-8.65667876455433,41.2788161585391,438533354,service,,,,,,,driveway,,,,,,,,,,,,,,,,,,,,,,,,,,,,,,,,,,,
-8.65714696258936,41.2791692724686,438533350,service,,,,,,,driveway,,,,,,,,,,,,,,,,,,,,,,,,,,,,,,,,,,,
-8.6570623,41.27931475,438533349,service,,,,,,,driveway,,,,,,,,,,,,,,,,,,,,,,,,,,,,,,,,,,,
-8.65564071492612,41.27907314404,133533392,residential,Rua Costa Padrão,,,paving_stones,,,,,,,,,,,,,,,,,,,,,,,,,,,,,,,,,,4485-908,,,,
-8.65466585,41.27939175,407317650,service,,,,gravel,,,driveway,,,,,,,,,,,,,,,,,,,,,,,,,,,,,,,,,,,
-8.65626283284428,41.2810477075625,330366730,residential,Rua de Figueiras,,,gravel,,,,,,,,,,,,no,,,30,,,,,,,,,,,,,,,,,,,,4485-907,,,
-8.6540231,41.2789972,133533309,residential,Rua Costa Padrão,,,paving_stones,,,,,,,,,,,,,,,,,,,,,,,,,,,,,,,,,,4485-908,,,,
-8.65209995631113,41.2785915808338,407317670,service,,,,,,,driveway,,,,,,,,,,,,,,,,,,,,,,,,,,,,,,,,,,,
-8.65234579712353,41.2786704512033,438533357,service,,,,,,,driveway,,,,,,,,,,,,,,,,,,,,,,,,,,,,,,,,,,,
-8.6521537,41.2787262,438533356,service,,,,,,,driveway,,,,,,,,,,,,,,,,,,,,,,,,,,,,,,,,,,,
-8.65087344161031,41.2775812322317,136005828,track,,,,,,,,,,,,,,,,,,,,,,,,,,,,,,,,,,,,,,,,,,
-8.6516221611963,41.2788909015146,438533358,service,,,,,,,driveway,,,,,,,,,,,,,,,,,,,,,,,,,,,,,,,,,,,
-8.64836085,41.2791359,407300177,residential,Rua Terras da Maia,,,,,,,,,,,,,,,,,,,,,,,,,,,,,,,,,,,,,,4485-367,,,
-8.6571006,41.2820489,438533329,service,,,,,,,driveway,,,,,,,,,,,,,,,,,,,,,,,,,,,,,,,,,,,
-8.65685635720925,41.2821113396859,438533328,service,,,,,,,driveway,,,,,,,,,,,,,,,,,,,,,,,,,,,,,,,,,,,
-8.6571879,41.28218325,438533330,service,,,,,,,driveway,,,,,,,,,,,,,,,,,,,,,,,,,,,,,,,,,,,
-8.657202,41.282482,407300165,service,,,,,,,,,,,,,,,,,,,,,,,,,,,,,,,,,,,,,,,,,,
-8.65493498225056,41.2832649061897,397618296,tertiary,Rua Central,,,paving_stones,,,,,,,,,,,,,,,60,,,,,,,,,,,,,,,,,,,,4485-932,,,
-8.65481122132603,41.2834290991801,438533336,service,,,,,,,driveway,,,,,,,,,,,,,,,,,,,,,,,,,,,,,,,,,,,
-8.65427026722108,41.2833600347522,407535919,service,,,,,,,,,,,,,,,,,,,,,,,,,,,,,,,,,,,,,,,,,,
-8.65362375238546,41.2835223252553,438533337,service,,,,,,,driveway,,,,,,,,,,,,,,,,,,,,,,,,,,,,,,,,,,,
-8.65184855,41.2834634,407493293,residential,,,,paving_stones,,,,,,,,,,,,,,,,,,,,,,,,,,,,,,,,,,,,,,
-8.65221827714143,41.283871741523,405897672,residential,Largo Dr. Domingos Azevedo,,,,,,,,,,,,,,,,,,,,,,,,,,,,,,,,,,,,,,4485-900,,,
-8.65595723577392,41.284232585985,136183807,unclassified,Rua Sua-Vila,,,,,,,,,,,,,,,,,,,,,,,,,,,,,,,,,,,,,,4485-903,,,
-8.6555974,41.2853642,768679564,unclassified,Rua Sua-Vila,,,,,,,,1,,,,yes,,,,,,,,,,,,,,,,,,,,,,,,,,4485-903,,,
-8.65351170060981,41.2842245500461,397546804,residential,,,,,,,,,,,,,,,,,,,,,,,,,,,,,,,,,,,,,,,,,,
-8.6532341,41.2843512,438533338,service,,,,,,,driveway,,,,,,,,,,,,,,,,,,,,,,,,,,,,,,,,,,,
-8.65312234995111,41.2842976995799,136183813,residential,,,,,,,,,,,,,,,,,,,,,,,,,,,,,,,,,,,,,,,,,,
-8.6530546095819,41.2839527486265,136183840,residential,Largo de Arões,,,,,,,,,,,,,,,,,,,,,,,,,,,,,,,,,,,,,,4485-900,,,
-8.65313889748155,41.2845026621449,397546805,residential,,,,,,,,,,,,,,,,,,,,,,,,,,,,,,,,,,,,,,,,,,
-8.65176589861187,41.2838386840255,136183834,residential,Largo de Arões,,,paving_stones,,,,,,,,,,,,,,,,,,,,,,,,,,,,,,,,,,4485-900,,,,
-8.6491624856933,41.281446506107,438539428,service,,,,,,,driveway,,,,,,,,,,,,,,,,,,,,,,,,,,,,,,,,,,,
-8.65207154173836,41.2834828964411,136183802,residential,Travessa Dona Maria II,,,paving_stones,,,,,,,,,,,,,,,,,,,,,,,,,,,,,,,,,,,4485-904,,,
-8.64869125,41.2816883,407539771,unclassified,,,,,,,,,,,,,,,,,,,,,,,,,,,,,,,,,,,,,,,,,,
-8.6483214,41.2818096,136183847,residential,,,,,,,,,,,,,,,,,,,,,,,,,,,,,,,,,,,,,,,,,,
-8.64914502112111,41.2827772591965,407539813,unclassified,,,,,,,,,,,,,,,,,,,,,,,,,,,,,,,,,,,,,,,,,,
-8.64821949467832,41.2823134922773,136005844,residential,Rua Dona Maria II,,,,,,,,,,,,,,,,,,,,,,,,,,,,,,,,,,,,,,4485-902,,,
-8.6485607,41.28334835,407539814,unclassified,,,,,,,,,,,,,,,,,,,,,,,,,,,,,,,,,,,,,,,,,,
-8.64849535,41.28332185,407539803,unclassified,,,,,,,,,,,,,,,,,,,,,,,,,,,,,,,,,,,,,,,,,,
-8.64800914313449,41.2834268014005,136183837,residential,Rua da Seara,,,,,,,,,,,,,,,,,,,,,,,,,,,,,,,,,,,,,,4485-902,,Vilar e Mosteiró,Rua da Seara
-8.6503253,41.2868161940626,407539787,service,,,,,,,,,,,,,,,,,,,,,,,,,,,,,,,,,,,,,,,,,,
-8.64531141975707,41.2892751777192,136183803,unclassified,,,,,,,,,,,,,,,,,,,,,,,,,,,,,,,,,,,,,,,,,,
-8.64903224315964,41.2902340139761,445766798,residential,,,,,,,,,,,,,,,,,,,,,,,,,,,,,,,,,,,,,,,,,,
-8.64873853354871,41.2906057346522,136183805,residential,,,,,,,,,,,,,,,,,,,,,,,,,,,,,,,,,,,,,,,,,,
-8.64770932099656,41.2911431164124,445762084,track,,,,,,,,,,,,,,,,,,,,,,,,,,,,,,,,,,,,,,,,,,
-8.6555901041291,41.2923125486393,459418094,tertiary,Rua da Agra,,,cobblestone,,,,,,,,,,,,,,,,,,,,,,,,,,,,,,,,,,,,,,
-8.64663856590426,41.2943132809607,459418095,residential,Rua da Cruz de Ferro,,,,,,,,,,,,,,,,,,,,,,,,,,,,,,,,,,,,,,,,,
-8.6494119459786,41.2951947508957,136185954,residential,,,,,,,,,,,,,,,,,,,,,,,,,,,,,,,,,,,,,,,,,,
-8.65046904890112,41.2971731478488,136185964,residential,,,,,,,,,,,,,,,,,,,,,,,,,,,,,,,,,,,,,,,,,,
-8.64967375870077,41.2962045714507,136185963,residential,,,,,,,,,,,,,,,,,,,,,,,,,,,,,,,,,,,,,,,,,,
-8.64894985,41.29516615,136185959,residential,,,,,,,,,,,,,,,,,,,,,,,,,,,,,,,,,,,,,,,,,,
-8.64769905692874,41.2874366370685,407300174,tertiary,,,,paving_stones,,,,,,,,,,,yes,,,,60,,,,,,,,,,,,,,,,,,,,,,,
-8.64593945888358,41.2933923345464,459418096,tertiary,Rua Pintor Júlio Ramos,,,cobblestone,,,,,,,,,,,,,,,,,,,,,,,,,,,,,,,,,,,,,,
-8.65474208552261,41.2980586795702,136185960,residential,,,,,,,,,,,,,,,,,,,,,,,,,,,,,,,,,,,,,,,,,,
-8.65527923560295,41.3023945541213,136364016,residential,,,,,,,,,,,,,,,,,,,,,,,,,,,,,,,,,,,,,,,,,,
-8.65443998031118,41.3031071295011,136364041,residential,Rua da Aldeia Nova,,,sett,,,,,,,,,,,,,,,,,,,,,,,,,,,,,,,,,,,,,,
-8.65245798127032,41.3021848457563,136363932,residential,,,,,,,,,,,,,,,,,,,,,,,,,,,,,,,,,,,,,,,,,,
-8.6530598,41.30273855,136363930,residential,,,,,,,,,,,,,,,,,,,,,,,,,,,,,,,,,,,,,,,,,,
-8.64878320188397,41.2979119588014,136185852,residential,,,,,,,,,,,,,,,,,,,,,,,,,,,,,,,,,,,,,,,,,,
-8.64995035,41.2986076,136185873,residential,,,,,,,,,,,,,,,,,,,,,,,,,,,,,,,,,,,,,,,,,,
-8.65681451273134,41.3038932590848,136363967,residential,,,,sett,,,,,,,,,,,,,,,,,,,,,,,,,,,,,,,,,,,,,,
-8.65318650018547,41.3037883996325,136363981,residential,,,,,,,,,,,,,,,,,,,,,,,,,,,,,,,,,,,,,,,,,,
-8.65222335,41.3037867,136363891,residential,,,,,,,,,,,,,,,,,,,,,,,,,,,,,,,,,,,,,,,,,,
-8.6541939,41.30668975,136363970,unclassified,,,,,,,,,,,,,,,,,,,,,,,,,,,,,,,,,,,,,,,,,,
-8.65170565880808,41.305943345477,136363944,unclassified,,,,,,,,,,,,,,,,,,,,,,,,,,,,,,,,,,,,,,,,,,
-8.65751679981426,41.3082921990012,136364027,tertiary,,,,,,,,,,,,,,,,,,,,,,,,,,,,,,,,,,,,,,,,,,
-8.64720038662023,41.3051133187533,136188533,unclassified,,,,,,,,,,,,,,,,,,,,,,,,,,,,,,,,,,,,,,,,,,
-8.64235545,41.2987812,136185860,unclassified,,,,,,,,,,,,,,,,,,,,,,,,,,,,,,,,,,,,,,,,,,
-8.71430307465341,41.310441852757,132756352,residential,,,,,,,,,,,,,,,,,,,,,,,,,,,,,,,,,,,,,,,,,,
-8.7140364,41.31092255,132756387,residential,,,,,,,,,,,,,,,,,,,,,,,,,,,,,,,,,,,,,,,,,,
-8.71746945582186,41.3127438343115,132756406,residential,,,,,,,,,,,,,,,,,,,,,,,,,,,,,,,,,,,,,,,,,,
-8.71508804797918,41.3117407272738,132756408,residential,,,,,,,,,,,,,,,,,,,,,,,,,,,,,,,,,,,,,,,,,,
-8.71705050248414,41.3141644993302,343510661,secondary,Rua da Estação,EN 13-2,,,,no,,,,,,,,,,,,,50,,,,,,,,,,,,,,,,,,,,,,,
-8.71288809948457,41.3119484505027,132756317,unclassified,,,,,,,,,,,,,,,,,,,,,,,,,,,,,,,,,,,,,,,,,,
-8.71191531387854,41.3115482867523,132756410,residential,,,,,,,,,,,,,,,,,,,,,,,,,,,,,,,,,,,,,,,,,,
-8.71301983373209,41.3130223609955,132756432,residential,,,,,,,,,,,,,,,,,,,,,,,,,,,,,,,,,,,,,,,,,,
-8.71804597787851,41.3153091418627,132749761,unclassified,,,,,,,,,,,,,,,,,,,,,,,,,,,,,,,,,,,,,,,,,,
-8.71648405,41.31474545,132756340,residential,,,,,,,,,,,,,,,,,,,,,,,,,,,,,,,,,,,,,,,,,,
-8.71683955,41.31513815,132756372,residential,,,,,,,,,,,,,,,,,,,,,,,,,,,,,,,,,,,,,,,,,,
-8.71536409837829,41.3142924038585,135383435,unclassified,,,,,,,,,,,,,,,,,,,,,,,,,,,,,,,,,,,,,,,,,,
-8.71642440576354,41.3160447427945,135383673,unclassified,,,,,,,,,,,,,,,,,,,,,,,,,,,,,,,,,,,,,,,,,,
-8.71404795,41.3147302,686320173,footway,,,,,,,,,,,,,,,,,,,,,,,,,,,,,,,,,,,,,,,,,,
-8.71403875551765,41.3146216646569,686320171,footway,,,,,,,,,,,,,,,,,,,,,,,,,,,,,,,,,,,,,,,,,,
-8.71448505,41.3153834,686320169,footway,,,,,,,,,,,,,,,,,,,,,,,,,,,,,,,,,,,,,,,,,,
-8.71437965,41.3153927,686320170,footway,,,,,,,,,,,,,,,,,,,,,,,,,,,,,,,,,,,,,,,,,,
-8.71394215,41.314777,686320172,footway,,,,,,,,,,,,,,,,,,,,,,,,,,,,,,,,,,,,,,,,,,
-8.71391734066602,41.3152351387039,135383506,service,,,,,,,parking_aisle,,,,,,,,,,,,,,,,,,,,,,,,,,,,,,,,,,,
-8.71461970016784,41.3158190502344,135383671,unclassified,,,,,,no,,,,,,,,,,,,,,2,,,,,,,,,,,,,,,,,,,,,,
-8.71368470000013,41.3164678,135383348,unclassified,,,,,,,,,,,,,,,,,,,,,,,,,,,,,,,,,,,,,,,,,,
-8.71418685,41.31673105,135383307,residential,,,,,,,,,,,,,,,,,,,,,,,,,,,,,,,,,,,,,,,,,,
-8.71274814599145,41.3156006642849,135383507,unclassified,,,,,,,,,,,,,,,,,,,,,,,,,,,,,,,,,,,,,,,,,,
-8.71310545,41.316479,135383383,unclassified,,,,,,,,,,,,,,,,,,,,,,,,,,,,,,,,,,,,,,,,,,
-8.71331495,41.31681245,135383312,unclassified,,,,,,,,,,,,,,,,,,,,,,,,,,,,,,,,,,,,,,,,,,
-8.7159985266028,41.3171614841441,135383681,unclassified,,,,,,,,,,,,,,,,,,,,,,,,,,,,,,,,,,,,,,,,,,
-8.71812070763849,41.3189823093137,132756325,unclassified,,,,,,,,,,,,,,,,,,,,,,,,,,,,,,,,,,,,,,,,,,
-8.71112626379914,41.3110305089003,135458004,unclassified,,,,,,,,,,,,,,,,,,,,,,,,,,,,,,,,,,,,,,,,,,
-8.71204111149094,41.3126851196615,135458012,residential,,,,,,,,,,,,,,,,,,,,,,,,,,,,,,,,,,,,,,,,,,
-8.71050380852373,41.3122893330791,135457810,residential,,,,,,,,,,,,,,,,,,,,,,,,,,,,,,,,,,,,,,,,,,
-8.70727959998235,41.3123963999736,-1518927,primary,Estrada Nacional 13,EN 13,,,,,,,,,,,,road,,,,,,,,,,,,,,,,,,pt:EN13,0,Q8843299,PT:national,Estrada Nacional 13,,,,,,
-8.70727959998235,41.3123963999736,14201562,primary,,EN 13,,,,no,,,,,,,,,,,,,,,,,,,,,,,,,,,,,,,,,,,,
-8.70796208707247,41.3131657506069,438194958,service,,,,,,yes,,,,,,,,,,,,,,,,,,,,,,,,,,,,,,,,,,,,
-8.70593189331405,41.3093045311599,350968945,track,,,,,,,,,,,,,,,,,grade2,,,,,,,,,,,,,,,,,,,,,,,,,
-8.7034952025783,41.3101708492489,135458058,unclassified,,,,,,,,,,,,,,,,,,,,,,,,,,,,,,,,,,,,,,,,,,
-8.70173379977434,41.3140246496924,169908734,motorway,,A 28,,asphalt,no,yes,,,,,,,,,,,,,120,2,50,,,,,,,,,,,,,,,,,,,,,
-8.70050585088189,41.3126115512102,733118170,motorway,,A 28,,asphalt,no,yes,,,,,,,,,,,,,120,2,50,,,,,,,,,,,,,,,,,,,,,
-8.71171015145675,41.3154834990426,222180813,secondary,Rua da Estação,EN 13-2,,,,no,,,,,,,,,,,,,50,,,,,,,,,,,,,,,,,,,,,,,
-8.70730036920752,41.3152481889884,29090090,tertiary,,,,,,,,,,,,,,,,,,,,,,,,,,,,,,,,,,,,,,,,,,
-8.70787565,41.31613465,29090242,tertiary,,,,,,,,,,,,,,,,,,,,,,,,,,,,,,,,,,,,,,,,,,
-8.70723625,41.31604435,29090297,tertiary,,,,,,,,,,,,,,,,,,,,,,,,,,,,,,,,,,,,,,,,,,
-8.71143545,41.3173884,135383501,residential,,,,,,,,,,,,,,,,,,,,,,,,,,,,,,,,,,,,,,,,,,
-8.71092724708268,41.3178184449584,135383301,unclassified,,,,,,,,,,,,,,,,,,,,,,,,,,,,,,,,,,,,,,,,,,
-8.71115535482852,41.3186928984849,24808924,primary_link,,EN 13,,,,yes,,,,,,,,,,,,,,,,,,,,,,,,,,,,,,,,,,,,
-8.71110565,41.3187804,-1518927,primary,Estrada Nacional 13,EN 13,,,,,,,,,,,,road,,,,,,,,,,,,,,,,,,pt:EN13,0,Q8843299,PT:national,Estrada Nacional 13,,,,,,
-8.71110565,41.3187804,24808922,primary_link,,EN 13,,,,yes,,,,,,,,,,,,,,,,,,,,,,,,,,,,,,,,,,,,
-8.7119081,41.31941855,24808938,primary_link,,EN 13,,,,yes,,,,,,,,,,,,,,,,,,,,,,,,,,,,,,,,,,,,
-8.71187066509139,41.3194686467944,219535124,primary_link,,,,,,yes,,,,,,,,,,,,,,,,,,,,,,,,,,,,,,,,,,,,
-8.71113436775777,41.3190839427077,219535125,primary,,EN 13,roundabout,,,,,,,,,,,,,,,,,,,,,,,,,,,,,,,,,,,,,,,
-8.71113436775777,41.3190839427077,-1518927,primary,Estrada Nacional 13,EN 13,,,,,,,,,,,,road,,,,,,,,,,,,,,,,,,pt:EN13,0,Q8843299,PT:national,Estrada Nacional 13,,,,,,
-8.70687328660245,41.3176326417752,23142155,secondary,Rua dos Combatentes,,,,,,,,,,,,,,,,,,,,,,,,,,,,,,,,,,,,,,,,,
-8.706249187309,41.3155637637119,29090266,tertiary,,,,,,,,,,,,,,,,,,,,,,,,,,,,,,,,,,,,,,,,,,
-8.70654090944513,41.3156127909017,29090309,tertiary,,,,,,,,,,,,,,,,,,,,,,,,,,,,,,,,,,,,,,,,,,
-8.70614615192287,41.3163054503515,29090226,tertiary,,,,,,,,,,,,,,,,,,,,,,,,,,,,,,,,,,,,,,,,,,
-8.70511587181594,41.3169402621215,29090234,tertiary,,,,,,,,,,,,,,,,,,,,,,,,,,,,,,,,,,,,,,,,,,
-8.70295045,41.31583,29090210,tertiary,,,,,,,,,1,,,,yes,,,,,,,,,,,,,,,,,,,,,,,,,,,,,
-8.70257,41.3167889103935,23142363,tertiary,,,,,,,,,,,,,,,,,,,,,,,,,,,,,,,,,,,,,,,,,,
-8.7059689,41.31770435,23142370,tertiary,,,,,,,,,,,,,,,,,,,,,,,,,,,,,,,,,,,,,,,,,,
-8.705102,41.318797,23142166,tertiary,Rua dos Combatentes,,,,,,,,1,,,,yes,,,,,,,,,,,,,,,,,,,,,,,,,,,,,
-8.7037888,41.3184618,23142333,tertiary,,,,,,,,,,,,,,,,,,,,,,,,,,,,,,,,,,,,,,,,,,
-8.71980882302162,41.319852637259,221238146,unclassified,,,,,,,,,,,,,,,,,,,,2,,,,,,,,,,,,,,,,,,,,,,
-8.7183306,41.32329865,135383452,service,,,,,,,driveway,,,,,,,,,,,,,,,,,,,,,,,,,,,,,,,,,,,
-8.71761965516446,41.3220011478617,135383433,unclassified,,,,,,,,,,,,,,,,,,,,2,,,,,,,,,,,,,,,,,,,,,,
-8.712958,41.3199632,386440331,service,,,,,,yes,,,,,,,,,,,,,,,,,,,,,,,,,,,,,,,,,,,,
-8.71309863824897,41.3199333791951,386440292,service,,,,,,yes,,,,,,,,,,,,,,,,,,,,,,,,,,,,,,,,,,,,
-8.71258443792079,41.3200584649817,386440363,service,,,,,,yes,,,,,,,,,,,,,,,,,,,,,,,,,,,,,,,,,,,,
-8.71348675,41.3217115,386440067,primary,,EN 13,,,,no,,,,,,,,,,,,,,,,,,,,,,,,,,,,,,,,,,,,
-8.7167333,41.322891,135383336,service,,,,,,,driveway,,,,,,,,,,,,,,,,,,,,,,,,,,,,,,,,,,,
-8.7158384,41.32352895,135383455,service,,,,,,,driveway,,,,,,,,,,,,,,,,,,,,,,,,,,,,,,,,,,,
-8.71793167508333,41.3245259501575,135383276,service,,,,,,,driveway,,,,,,,,,,,,,,,,,,,,,,,,,,,,,,,,,,,
-8.71580305,41.32458675,135383460,service,,,,,,,parking_aisle,,,,,,,,,,,,,,,,,,,,,,,,,,,,,,,,,,,
-8.71535610295226,41.3246077045195,219535123,primary,,EN 13,,,,yes,,,,,,,,,,,,,,,,,,,,,,,,,,,,,,,,,,,,
-8.71535719967037,41.3244842761246,386440065,primary,,EN 13,,,,yes,,,,,,,,,,,,,,,,,,,,,,,,,,,,,,,,,,,,
-8.71348675,41.3217115,-1518927,primary,Estrada Nacional 13,EN 13,,,,,,,,,,,,road,,,,,,,,,,,,,,,,,,pt:EN13,0,Q8843299,PT:national,Estrada Nacional 13,,,,,,
-8.71457678054663,41.3232600139394,386440338,unclassified,,,,,,yes,,,,,,,,,,,,,,,,,,,,,,,,,,,,,,,,,,,,
-8.7144089149261,41.3230114856687,386440332,unclassified,,,,,,yes,,,,,,,,,,,,,,,,,,,,,,,,,,,,,,,,,,,,
-8.71461878307432,41.3231151996603,441661937,unclassified,,,,,,yes,,,,,,,,,,,,,,,,,,,,,,,,,,,,,,,,,,,,
-8.71449558818733,41.3231293738992,386440358,unclassified,,,,,,yes,,,,,,,,,,,,,,,,,,,,,,,,,,,,,,,,,,,,
-8.71432224646935,41.3230478446514,386440334,unclassified,,,,,,yes,,,,,,,,,,,,,,,,,,,,,,,,,,,,,,,,,,,,
-8.71433105,41.3232098,386440305,unclassified,,,,,,,,,,,,,,,,,,,,,,,,,,,,,,,,,,,,,,,,,,
-8.71438785,41.32329025,386440323,unclassified,,,,,,yes,,,,,,,,,,,,,,,,,,,,,,,,,,,,,,,,,,,,
-8.7144145,41.32353775,135383400,unclassified,,,,,,,,,,,,,,,,,,,,,,,,,,,,,,,,,,,,,,,,,,
-8.71378218637041,41.3241374294391,135383505,unclassified,Rua do Monte,,,,,,,,,,,,,,,,,,,,,,,,,,,,,,,,,,,,,,,,,
-8.71233640171281,41.3240038493423,288653112,unclassified,Rua 10,,,,,,,,,,,,,,,,,,,,,,,,,,,,,,,,,,,,,,,,,
-8.7123595,41.3246119,135383403,unclassified,,,,,,,,,,,,,,,,,,,,,,,,,,,,,,,,,,,,,,,,,,
-8.7158407965723,41.3253008466422,386440371,unclassified,,,,,,yes,,,,,,,,,,,,,,,,,,,,,,,,,,,,,,,,,,,,
-8.7163361499957,41.3256764489095,135383676,unclassified,,,,,,,,,,,,,,,,,,,,,,,,,,,,,,,,,,,,,,,,,,
-8.71240325,41.3255739,135383386,unclassified,,,,,,,,,,,,,,,,,,,,,,,,,,,,,,,,,,,,,,,,,,
-8.71284015,41.32679035,135383487,unclassified,Rua 7,,,,,,,,,,,,,,,,,,,,,,,,,,,,,,,,,,,,,,,,,
-8.7103340457386,41.3217840676801,733118159,primary,,,,asphalt,,yes,,,,,,,,,,,,,90,1,,,,,,,,,,,,,,,,,,,,,,
-8.71034425,41.32212025,23148298,primary,,,,asphalt,,yes,,,,,,,,,,,,,90,1,,,,,,,,,,,,,,,,,,,,,,
-8.70975925,41.32412405,733118158,primary,,,,asphalt,,yes,,,,,,,,,,,,middle_of:1,90,2,,through|right,,,,,,,,,,,,,,,,,,,,
-8.71031685,41.32487775,288653110,unclassified,Rua 6,,,,,,,,,,,,,,,,,,,,,,,,,,,,,,,,,,,,,,,,,
-8.70946009446498,41.3245833136125,733118157,motorway_link,,,,asphalt,,yes,,,,,,,,,,,,,40,1,,,,,,Porto,,,,,A 28,,,,,,,,,,,
-8.70971365,41.32461275,733118160,primary,,,,asphalt,,yes,,,,,,,,,,,,,60,1,,,,,,,,,,,,,,,,,,,,,,
-8.70948494715593,41.3251019615258,23148385,primary,,,,asphalt,,yes,,,,,,,,,,,,,90,1,,,,,,,,,,,,,,,,,,,,,,
-8.70958173873704,41.324936223157,733118153,motorway_link,,,,asphalt,,yes,,,,,,,,,,,,,40,1,,,,,,Porto,,,,,A 28,,,,,,,,,,,
-8.70752490904587,41.3225665732618,733118171,motorway,,A 28,,asphalt,no,yes,,,,,,,,,,,,right_of:1,120,3,50,||merge_to_left,,,,,,,,,,,,,,,,,,,,
-8.70950120851571,41.3247622129144,366574549,motorway_link,,,,asphalt,,yes,,,,,,,,,,,,,40,1,,,,,,Porto,,,,,A 28,,,,,,,,,,,
-8.70824866678339,41.3244610068374,23148391,motorway_link,,,,asphalt,,yes,,,,,,,,,,,,,40,1,,,,,,Porto,,,,,A 28,,,,,,,,,,,
-8.7081235,41.32465005,733118172,motorway,,A 28,,asphalt,no,yes,,,,,,,,,,,,,120,2,50,,,,,,,,,,,,,,,,,,,,,
-8.70783695,41.3242004,733118169,motorway,,A 28,,asphalt,no,yes,,,,,,,,,,,,,120,2,50,"through|through;right",,,,,,,,,,,,,,,,,,,,
-8.70689586009705,41.3221522218466,23142330,tertiary,,,,,,,,,,,,,,,,,,,,,,,,,,,,,,,,,,,,,,,,,,
-8.70357855661809,41.3201635935777,23141683,tertiary,Rua dos Combatentes,,,,,,,,,,,,,,,,,,,,,,,,,,,,,,,,,,,,,,,,,
-8.70262152166974,41.3198670825467,23142404,residential,,,,,,,,,,,,,,,,,,,,,,,,,,,,,,,,,,,,,,,,,,
-8.70246706992152,41.3200217237455,23142405,residential,,,,,,,,,,,,,,,,,,,,,,,,,,,,,,,,,,,,,,,,,,
-8.70173315749771,41.3202860097357,23142415,residential,,,,,,,,,,,,,,,,,,,,,,,,,,,,,,,,,,,,,,,,,,
-8.70220098206232,41.3206953616233,23142412,residential,,,,,,,,,,,,,,,,,,,,,,,,,,,,,,,,,,,,,,,,,,
-8.70229965,41.3209984,23142401,residential,,,,,,,,,,,,,,,,,,,,,,,,,,,,,,,,,,,,,,,,,,
-8.70138555,41.3212562,23142426,residential,,,,,,,,,,,,,,,,,,,,,,,,,,,,,,,,,,,,,,,,,,
-8.7017535,41.3221148,23142316,tertiary,,,,,,,,,,,,,,,,,,,,,,,,,,,,,,,,,,,,,,,,,,
-8.70159795,41.32205595,23141869,tertiary,,,,,,,,,,,,,,,,,,,,,,,,,,,,,,,,,,,,,,,,,,
-8.70165915,41.32219975,23142317,tertiary,,,,,,,,,,,,,,,,,,,,,,,,,,,,,,,,,,,,,,,,,,
-8.70440680870541,41.3243793692836,23142307,tertiary,Rua da Igreja,EM 529,,,,,,,,,,,,,,,,,,,,,,,,,,,,,,,,,,,,,,,,
-8.70957295,41.3251865,733118161,primary,,,,asphalt,,yes,,,,,,,,,,,,middle_of:2,60,2,,left|through,,,,,,,,,,,,,,,,,,,,
-8.70947055,41.32559715,733118162,primary,,,,asphalt,,yes,,,,,,,,,,,,,60,1,,,,,,,,,,,,,,,,,,,,,,
-8.711354,41.326504,288653111,unclassified,Rua 6,,,,,,,,,,,,,,,,,,,,,,,,,,,,,,,,,,,,,,,,,
-8.70835941166785,41.3251821932459,59229531,motorway_link,,,,asphalt,,yes,,,,,,,,,,,,,40,1,,,,,,"Fajozes;Árvore",,,,,M 529,,,,,,,,,,,
-8.7082446,41.325292,733118173,motorway,,A 28,,asphalt,no,yes,,,,,,,,,,,,,120,2,50,,no|no,,,"Porto;Leixões",,,,,A 28,,,,,,,,,,,
-8.70812635,41.3257083,733118168,motorway,,A 28,,asphalt,no,yes,,,,,,,,,,,,,120,2,50,"through|through;right",no|no,,,,,,,,,,,,,,,,,,,
-8.70928412969674,41.3257959484989,733118156,primary,,,,asphalt,,yes,,,,,,,,,,,,,90,1,,,,,,,,,,,,,,,,,,,,,,
-8.70835795,41.32591565,733118174,motorway,,A 28,,asphalt,no,yes,,,,,,,,,,,,right_of:1,120,3,50,through|through|right,no|not_left|yes,,,,,,,,,,,,,,,,,,,
-8.70706754623597,41.3250979680093,23142239,residential,Rua da Fábrica,,,,,,,,,,,,,,,,,,,,,,,,,,,,,,,,,,,,,,,,,
-8.70050086231992,41.308896005858,770596548,service,,,,,,,,,,,,,,,,,,,,,,,,,,,,,,,,,,,,,,,,,,
-8.6982118422615,41.3087131829042,770595032,service,,,,,,,,,,,,,,,,,,,,,,,,,,,,,,,,,,,,,,,,,,
-8.6994682,41.31114325,135457881,unclassified,,,,,,,,,1,,,,yes,,,,,,,,,,,,,,,,,,,,,,,,,,,,,
-8.69782119727813,41.309325246041,431677193,track,,,,,,,,,,,,,,,,,,,,,,,,,,,,,,,,,,,,,,,,,,
-8.69879747133312,41.3115738383926,135458045,unclassified,,,,,,,,,,,,,,,,,,,,,,,,,,,,,,,,,,,,,,,,,,
-8.70024310652262,41.3125668236925,471032296,track,,,,,,,,,,,,,,,,,,,,,,,,,,,,,,,,,,,,,,,,,,
-8.692745,41.30929625,135457820,tertiary,,,,,,,,,,,,,,,,,,,,,,,,,,,,,,,,,,,,,,,,,,
-8.6980348,41.31663725,687333655,track,,,,,,,,,,,,,,,,,,,,,,,,,,,,,,,,,,,,,,,,,,
-8.68934496622978,41.3162894727042,23141685,tertiary,Rua António Azevedo dos Santos,,,,,,,,,,,,,,,,,,,,,,,,,,,,,,,,,,,,,,,,,
-8.69482235002591,41.3185072499895,23141797,residential,Rua de Trás,,,,,yes,,,,,,,,,,,,,,,,,,,,,,,,,,,,,,,,,,,,
-8.69541855,41.31937685,445024635,footway,,,,,,,,,,,,,,,,,,,,,,,,,,,,,,,,,,,,,,,,,,
-8.6947791,41.3190044,445024630,footway,,,,,,,,,,,,,,,,,,,,,,,,,,,,,,,,,,,,,,,,,,
-8.69446145,41.3193999,445024631,footway,,,,,,,,,,,,,,,,,,,,,,,,,,,,,,,,,,,,,,,,,,
-8.6933325,41.31938195,23141826,residential,Rua da Gândara,,,,,,,,,,,,,,,,,,,,,,,,,,,,,,,,,,,,,,,,,
-8.6926716,41.3183312,23141860,tertiary,Rua dos Sapateiros,,,,,,,,,,,,,,,,,,,,,,,,,,,,,,,,,,,,,,,,,
-8.6825229,41.30934145,770595700,residential,,,,,,,,,,,,,,,,,,,,,,,,,,,,,,,,,,,,,,,,,,
-8.679931287405,41.3168419405046,41891184,tertiary,,,,,,,,,,,,,,,,,,,,,,,,,,,,,,,,,,,,,,,,,,
-8.6996854,41.32083975,30656933,tertiary,Rua do Casal,,,,,,,,,,,,,,,,,,,,,,,,,,,,,,,,,,,,,,,,,
-8.69766517606956,41.3220013754858,30656847,tertiary,Rua do Casal,,,,,,,,,,,,,,,,,,,,,,,,,,,,,,,,,,,,,,,,,
-8.69732595368282,41.3231741918189,23141908,residential,Rua da Fonte,,,cobblestone,,,,,,,,,,,,,,,,,,,,,,,,,,,,,,,,,,,,,,
-8.69364155,41.3217348,23141848,residential,Carreira Cova,,,,,,,,,,,,,,,,,,,,,,,,,,,,,,,,,,,,,,,,,
-8.6915193,41.3218074,23142196,residential,Rua de Sarinhães,,,,,,,,,,,,,,,,,,,,,,,,,,,,,,,,,,,,,,,,,
-8.6954039,41.3239808,23141955,residential,,,,,,,,,,,,,,,,,,,,,,,,,,,,,,,,,,,,,,,,,,
-8.6952652,41.3239486,23141963,residential,,,,,,,,,,,,,,,,,,,,,,,,,,,,,,,,,,,,,,,,,,
-8.68968262328682,41.3239522476957,23141915,tertiary,Rua Benardino José Alves,,,,,,,,,,,,,,,,,,,,,,,,,,,,,,,,,,,,,,,,,
-8.70148850806808,41.325990675246,23142328,residential,,,,,,,,,,,,,,,,,,,,,,,,,,,,,,,,,,,,,,,,,,
-8.69652969892957,41.3261790788736,23141984,residential,Rua do Tourão,,,,,,,,,,,,,,,,,,,,,,,,,,,,,,,,,,,,,,,,,
-8.68830065,41.32484335,23142352,residential,,,,,,,,,,,,,,,,,,,,,,,,,,,,,,,,,,,,,,,,,,
-8.68760540086048,41.3250464021452,23142351,residential,,,,,,,,,,,,,,,,,,,,,,,,,,,,,,,,,,,,,,,,,,
-8.6781317498521,41.3233408407811,770627315,service,,,,,,,,,,,,,,,,,,,,,,,,,,,,,,,,,,,,,,,,,,
-8.6811074,41.32440425,136774976,primary,,EN 306,,asphalt,,,,,,,,,,,,,,,,,,,,,,,,,,,,,,,,,,,,,,
-8.6840337,41.3257013,30691958,unclassified,,,,,,,,,,,,,,,,,,,,,,,,,,,,,,,,,,,,,,,,,,
-8.6731092517683,41.311512010809,136363938,unclassified,,,,,,,,,,,,,,,,,,,,,,,,,,,,,,,,,,,,,,,,,,
-8.67718541127334,41.3116043314547,226690226,unclassified,,,,,,,,,,,,,,,,,,,,,,,,,,,,,,,,,,,,,,,,,,
-8.67286526414266,41.3104786301642,136364051,unclassified,,,,,,,,,,,,,,,,,,,,,,,,,,,,,,,,,,,,,,,,,,
-8.6732365,41.3108528,136363917,unclassified,,,,,,,,,,,,,,,,,,,,,,,,,,,,,,,,,,,,,,,,,,
-8.67255765,41.3121977,136364028,unclassified,,,,,,,,,,,,,,,,,,,,,,,,,,,,,,,,,,,,,,,,,,
-8.67292645,41.31407665,136363902,tertiary,,,,,,,,,,,,,,,,,,,,,,,,,,,,,,,,,,,,,,,,,,
-8.66338939851431,41.3136849150606,136364046,unclassified,,,,,,,,,,,,,,,,,,,,,,,,,,,,,,,,,,,,,,,,,,
-8.67337808723022,41.3153174884749,226690225,tertiary,,,,,,,,,,,,,,,,,,,,,,,,,,,,,,,,,,,,,,,,,,
-8.67714035,41.3195591,41891191,tertiary,,,,,,,,,,,,,,,,,,,,,,,,,,,,,,,,,,,,,,,,,,
-8.67398070611205,41.3176774705054,226690224,tertiary,,,,,,,,,,,,,,,,,,,,,,,,,,,,,,,,,,,,,,,,,,
-8.67546574059787,41.3183822510792,136364013,residential,,,,,,,,,,,,,,,,,,,,,,,,,,,,,,,,,,,,,,,,,,
-8.6752292513557,41.3180972598439,136364039,residential,,,,,,,,,,,,,,,,,,,,,,,,,,,,,,,,,,,,,,,,,,
-8.67558564999774,41.3191122500002,136363974,residential,,,,,,,,,,,,,,,,,,,,,,,,,,,,,,,,,,,,,,,,,,
-8.6753009,41.3190195,136363911,residential,,,,,,,,,,,,,,,,,,,,,,,,,,,,,,,,,,,,,,,,,,
-8.67518901084525,41.3187320618344,136363882,residential,,,,,,,,,,,,,,,,,,,,,,,,,,,,,,,,,,,,,,,,,,
-8.67457658864255,41.3189247998209,136364006,residential,,,,,,,,,,,,,,,,,,,,,,,,,,,,,,,,,,,,,,,,,,
-8.67181787435153,41.3177808829199,136364004,residential,,,,,,,,,,,,,,,,,,,,,,,,,,,,,,,,,,,,,,,,,,
-8.6704573,41.31689735,136363908,unclassified,,,,,,,,,,,,,,,,,,,,,,,,,,,,,,,,,,,,,,,,,,
-8.67115855,41.31788885,136363920,residential,,,,,,,,,,,,,,,,,,,,,,,,,,,,,,,,,,,,,,,,,,
-8.673618,41.3184029,136363918,residential,,,,,,,,,,,,,,,,,,,,,,,,,,,,,,,,,,,,,,,,,,
-8.6732171,41.3189676,136364029,residential,,,,,,,,,,,,,,,,,,,,,,,,,,,,,,,,,,,,,,,,,,
-8.67173272481536,41.3181749819365,136364023,residential,,,,,,,,,,,,,,,,,,,,,,,,,,,,,,,,,,,,,,,,,,
-8.67189195,41.31888665,136363931,residential,,,,,,,,,,,,,,,,,,,,,,,,,,,,,,,,,,,,,,,,,,
-8.6714108,41.3183296,136363927,residential,,,,,,,,,,,,,,,,,,,,,,,,,,,,,,,,,,,,,,,,,,
-8.6708703,41.31744185,136364045,residential,,,,,,,,,,,,,,,,,,,,,,,,,,,,,,,,,,,,,,,,,,
-8.67026774583579,41.3174069850276,136364054,residential,,,,,,,,,,,,,,,,,,,,,,,,,,,,,,,,,,,,,,,,,,
-8.67010988592239,41.3193773158838,136363972,residential,,,,,,,,,,,,,,,,,,,,,,,,,,,,,,,,,,,,,,,,,,
-8.66796707170259,41.3186980673481,136363946,tertiary,,,,,,,,,,,,,,,,,,,,,,,,,,,,,,,,,,,,,,,,,,
-8.66890835,41.31916995,136363928,residential,,,,,,,,,,,,,,,,,,,,,,,,,,,,,,,,,,,,,,,,,,
-8.66940485,41.3193573,136363980,residential,,,,,,,,,,,,,,,,,,,,,,,,,,,,,,,,,,,,,,,,,,
-8.66373434309374,41.3130381684747,136792288,residential,,,,,,,,,,,,,,,,,,,,,,,,,,,,,,,,,,,,,,,,,,
-8.65972078050208,41.3099495985936,136363939,unclassified,,,,,,,,,,,,,,,,,,,,,,,,,,,,,,,,,,,,,,,,,,
-8.65806781995393,41.3086384933957,136364049,residential,,,,,,,,,,,,,,,,,,,,,,,,,,,,,,,,,,,,,,,,,,
-8.65737142722029,41.309063539241,136363969,unclassified,Rua dos Muros Brancos,,,,,,,,,,,,,,,,,,,,,,,,,,,,,,,,,,,,,,,,,
-8.66109340223665,41.3160438609191,136364025,tertiary,Rua da Boca,,,,,,,,,,,,,,,,,,,,,,,,,,,,,,,,,,,,,,,,,
-8.66651529667204,41.318187138469,136363880,residential,,,,,,,,,,,,,,,,,,,,,,,,,,,,,,,,,,,,,,,,,,
-8.66198085,41.3188412,136791883,unclassified,,,,,,,,,,,,,,,,,,,,,,,,,,,,,,,,,,,,,,,,,,
-8.66378985881315,41.3188839343996,136792286,unclassified,,,,,,,,,,,,,,,,,,,,,,,,,,,,,,,,,,,,,,,,,,
-8.66220245613988,41.3142989972909,353078547,unclassified,,,,,,,,,,,,,,,,,,,,,,,,,,,,,,,,,,,,,,,,,,
-8.67809185,41.3237989,770627316,service,,,,,,,,,,,,,,,,,,,,,,,,,,,,,,,,,,,,,,,,,,
-8.67502174975007,41.3222891991214,226721522,unclassified,,,,,,,,,,,,,,,,,,,,,,,,,,,,,,,,,,,,,,,,,,
-8.6773584122431,41.324258709381,136791844,unclassified,,,,,,,,,,,,,,,,,,,,,,,,,,,,,,,,,,,,,,,,,,
-8.6763288033131,41.3240815814626,136791893,residential,,,,,,,,,,,,,,,,,,,,,,,,,,,,,,,,,,,,,,,,,,
-8.67546820375653,41.3243463723514,136791886,residential,,,,,,,,,,,,,,,,,,,,,,,,,,,,,,,,,,,,,,,,,,
-8.67285580598785,41.3217052400281,136364014,unclassified,,,,,,,,,,,,,,,,,,,,,,,,,,,,,,,,,,,,,,,,,,
-8.67086444621618,41.3207085924091,136364010,unclassified,,,,,,,,,,,,,,,,,,,,,,,,,,,,,,,,,,,,,,,,,,
-8.67180454878593,41.3232669234624,136791885,residential,,,,,,,,,,,,,,,,,,,,,,,,,,,,,,,,,,,,,,,,,,
-8.6728917392636,41.3239470506351,136791887,unclassified,,,,,,,,,,,,,,,,,,,,,,,,,,,,,,,,,,,,,,,,,,
-8.6711715,41.3235301,136791873,tertiary,,,,,,,,,,,,,,,,,,,,,,,,,,,,,,,,,,,,,,,,,,
-8.6715666,41.32388565,136791849,residential,,,,,,,,,,,,,,,,,,,,,,,,,,,,,,,,,,,,,,,,,,
-8.6712198,41.3245289,136791852,residential,,,,,,,,,,,,,,,,,,,,,,,,,,,,,,,,,,,,,,,,,,
-8.67112997286149,41.3224597717968,642687390,service,,,,,,,,,,,,,,,,,,,,,,,,,,,,,,,,,,,,,,,,,,
-8.67039816752293,41.3238595407882,136791895,residential,,,,,,,,,,,,,,,,,,,,,,,,,,,,,,,,,,,,,,,,,,
-8.67661284997678,41.325278700004,41891206,unclassified,,,,,,,,,,,,,,,,,,,,,,,,,,,,,,,,,,,,,,,,,,
-8.67546783749179,41.3272142794176,41891203,tertiary,,,,,,,,,,,,,,,,,,,,,,,,,,,,,,,,,,,,,,,,,,
-8.67420034044715,41.3253613945204,136791841,residential,,,,,,,,,,,,,,,,,,,,,,,,,,,,,,,,,,,,,,,,,,
-8.67384135,41.3256267,136791850,unclassified,,,,,,,,,,,,,,,,,,,,,,,,,,,,,,,,,,,,,,,,,,
-8.6736652,41.3252888,226721528,unclassified,,,,,,,,,,,,,,,,,,,,,,,,,,,,,,,,,,,,,,,,,,
-8.66587464212811,41.3215618163232,136791880,residential,,,,,,,,,,,,,,,,,,,,,,,,,,,,,,,,,,,,,,,,,,
-8.66557905,41.32228195,136791851,unclassified,,,,,,,,,,,,,,,,,,,,,,,,,,,,,,,,,,,,,,,,,,
-8.66452145,41.32425705,136791846,unclassified,,,,,,,,,,,,,,,,,,,,,,,,,,,,,,,,,,,,,,,,,,
-8.65442447195079,41.3206222822949,136791874,unclassified,,,,,,,,,,,,,,,,,,,,,,,,,,,,,,,,,,,,,,,,,,
-8.6589749,41.3212379,136791848,residential,,,,,,,,,,,,,,,,,,,,,,,,,,,,,,,,,,,,,,,,,,
-8.65948985936163,41.3214689373694,136791891,residential,,,,,,,,,,,,,,,,,,,,,,,,,,,,,,,,,,,,,,,,,,
-8.65906254796653,41.3216941654174,136791882,residential,,,,,,,,,,,,,,,,,,,,,,,,,,,,,,,,,,,,,,,,,,
-8.65774190062309,41.3217475652816,136791876,residential,,,,,,,,,,,,,,,,,,,,,,,,,,,,,,,,,,,,,,,,,,
-8.65349224755471,41.3107771713073,136364024,residential,,,,,,,,,,,,,,,,,,,,,,,,,,,,,,,,,,,,,,,,,,
-8.65299263433422,41.3108189442695,136364038,unclassified,,,,,,,,,,,,,,,,,,,,,,,,,,,,,,,,,,,,,,,,,,
-8.6519294,41.31028795,136364035,residential,,,,,,,,,,,,,,,,,,,,,,,,,,,,,,,,,,,,,,,,,,
-8.65193929427337,41.3111062915714,136363890,residential,,,,,,,,,,,,,,,,,,,,,,,,,,,,,,,,,,,,,,,,,,
-8.65634820277772,41.3116957014291,136363943,unclassified,,,,,,,,,,,,,,,,,,,,,,,,,,,,,,,,,,,,,,,,,,
-8.65329590052745,41.3134055605279,136364053,unclassified,Travessa Nova,,,,,,,,,,,,,,,,,,,,,,,,,,,,,,,,,,,,,,,,,
-8.65139677749545,41.3098588275458,136363978,residential,,,,,,,,,,,,,,,,,,,,,,,,,,,,,,,,,,,,,,,,,,
-8.64782872832968,41.3087121840591,136188528,unclassified,,,,,,,,,,,,,,,,,,,,,,,,,,,,,,,,,,,,,,,,,,
-8.65128690760675,41.3113951995552,136364020,unclassified,,,,,,,,,,,,,,,,,,,,,,,,,,,,,,,,,,,,,,,,,,
-8.6498615,41.31262745,136363925,residential,,,,,,,,,,,,,,,,,,,,,,,,,,,,,,,,,,,,,,,,,,
-8.65183268643512,41.3133635610437,136364032,unclassified,,,,,,,,,,,,,,,,,,,,,,,,,,,,,,,,,,,,,,,,,,
-8.64944214581088,41.3132352494342,136364011,residential,,,,,,,,,,,,,,,,,,,,,,,,,,,,,,,,,,,,,,,,,,
-8.64926445878454,41.3131847839854,136364009,residential,,,,,,,,,,,,,,,,,,,,,,,,,,,,,,,,,,,,,,,,,,
-8.64871975068315,41.3133524516358,136363901,residential,,,,,,,,,,,,,,,,,,,,,,,,,,,,,,,,,,,,,,,,,,
-8.64952159637143,41.3123693236831,136363971,residential,,,,,,,,,,,,,,,,,,,,,,,,,,,,,,,,,,,,,,,,,,
-8.6529411,41.3150265,353078546,tertiary,Rua das Alminhas,,,,,,,,,,,,,,,,,,,,,,,,,,,,,,,,,,,,,,,,,
-8.65162275776268,41.3176322724374,136363896,unclassified,,,,,,,,,,,,,,,,,,,,,,,,,,,,,,,,,,,,,,,,,,
-8.65031374260514,41.3147933386253,136363885,unclassified,,,,,,,,,,,,,,,,,,,,,,,,,,,,,,,,,,,,,,,,,,
-8.64466926229141,41.3176275135412,136363894,unclassified,,,,,,,,,,,,,,,,,,,,,,,,,,,,,,,,,,,,,,,,,,
-8.6340963501149,41.3133877389864,226739349,primary,Estrada de Santa Eufémia,EN 318,,asphalt,,,,,,,,,,,,,,,,,,,,,,,,,,,,,,,,,,,,,,
-8.65609827264237,41.3223161318074,136791843,residential,,,,,,,,,,,,,,,,,,,,,,,,,,,,,,,,,,,,,,,,,,
-8.65085943637247,41.3236095083749,136791847,residential,,,,,,,,,,,,,,,,,,,,,,,,,,,,,,,,,,,,,,,,,,
-8.65340110455509,41.3245880419003,136791877,residential,,,,,,,,,,,,,,,,,,,,,,,,,,,,,,,,,,,,,,,,,,
-8.64889875,41.32359775,411798434,residential,Rua Nova do Casal,,,,,,,,,,,,,,,,,,,,,,,,,,,,,,,,,,,,,,,,,
-8.65463973325097,41.3251240435408,136791845,residential,,,,,,,,,,,,,,,,,,,,,,,,,,,,,,,,,,,,,,,,,,
-8.65282759944062,41.3250876002312,136791892,residential,,,,,,,,,,,,,,,,,,,,,,,,,,,,,,,,,,,,,,,,,,
